Index,Class
0,Folk
1,Hip-Hop
2,International
3,Electronic
4,Folk
5,Rock
6,Experimental
7,Hip-Hop
8,International
9,Folk
10,Pop
11,Rock
12,Electronic
13,Hip-Hop
14,Hip-Hop
15,Hip-Hop
16,Electronic
17,Experimental
18,Experimental
19,Pop
20,International
21,Hip-Hop
22,International
23,Electronic
24,International
25,Hip-Hop
26,Hip-Hop
27,Rock
28,Instrumental
29,Pop
30,Folk
31,Hip-Hop
32,Hip-Hop
33,Pop
34,International
35,Hip-Hop
36,Experimental
37,Hip-Hop
38,International
39,International
40,Hip-Hop
41,Experimental
42,Electronic
43,Electronic
44,Instrumental
45,Rock
46,Folk
47,Folk
48,Electronic
49,Instrumental
50,International
51,Hip-Hop
52,Folk
53,Instrumental
54,Electronic
55,Pop
56,Experimental
57,International
58,Rock
59,Electronic
60,Instrumental
61,Experimental
62,Electronic
63,Electronic
64,Pop
65,Folk
66,International
67,International
68,Rock
69,Experimental
70,Hip-Hop
71,Folk
72,Folk
73,Rock
74,Electronic
75,Electronic
76,Instrumental
77,Folk
78,Electronic
79,Electronic
80,Instrumental
81,Electronic
82,Instrumental
83,Rock
84,International
85,Electronic
86,Hip-Hop
87,Rock
88,Folk
89,Electronic
90,Electronic
91,Experimental
92,Electronic
93,Instrumental
94,Folk
95,International
96,Folk
97,Instrumental
98,Instrumental
99,Pop
100,Electronic
101,Instrumental
102,Rock
103,Folk
104,Hip-Hop
105,Electronic
106,Experimental
107,International
108,Pop
109,Instrumental
110,Experimental
111,Folk
112,Folk
113,Experimental
114,Hip-Hop
115,Pop
116,Electronic
117,Folk
118,Hip-Hop
119,Electronic
120,International
121,Folk
122,Hip-Hop
123,Experimental
124,Pop
125,Electronic
126,Experimental
127,Rock
128,International
129,Rock
130,Electronic
131,Folk
132,Instrumental
133,Pop
134,Folk
135,Pop
136,Pop
137,Electronic
138,Electronic
139,Electronic
140,International
141,Hip-Hop
142,Folk
143,Folk
144,Pop
145,Experimental
146,Experimental
147,Pop
148,Instrumental
149,Hip-Hop
150,Rock
151,International
152,Hip-Hop
153,Hip-Hop
154,Folk
155,International
156,International
157,Folk
158,International
159,Electronic
160,Electronic
161,Instrumental
162,Folk
163,Electronic
164,Electronic
165,Experimental
166,Folk
167,Instrumental
168,Electronic
169,Folk
170,Pop
171,Instrumental
172,Electronic
173,Folk
174,Rock
175,Hip-Hop
176,Instrumental
177,Rock
178,Electronic
179,Instrumental
180,Pop
181,Electronic
182,Hip-Hop
183,Hip-Hop
184,Experimental
185,Pop
186,Electronic
187,Folk
188,Electronic
189,Experimental
190,Instrumental
191,Pop
192,International
193,Hip-Hop
194,Folk
195,Hip-Hop
196,Rock
197,Rock
198,Pop
199,Folk
200,Electronic
201,International
202,Folk
203,Hip-Hop
204,Folk
205,International
206,Rock
207,Pop
208,Hip-Hop
209,Rock
210,Folk
211,Electronic
212,Electronic
213,Experimental
214,International
215,Hip-Hop
216,Experimental
217,Hip-Hop
218,Electronic
219,Folk
220,Instrumental
221,Instrumental
222,Hip-Hop
223,Pop
224,Instrumental
225,Experimental
226,Hip-Hop
227,Experimental
228,Electronic
229,Electronic
230,Folk
231,International
232,Electronic
233,Rock
234,Electronic
235,Experimental
236,Instrumental
237,Electronic
238,Experimental
239,Electronic
240,Hip-Hop
241,Hip-Hop
242,Pop
243,Pop
244,Rock
245,Experimental
246,Folk
247,Electronic
248,Folk
249,Experimental
250,International
251,International
252,Hip-Hop
253,Hip-Hop
254,Pop
255,Rock
256,Folk
257,Electronic
258,Experimental
259,Pop
260,Rock
261,Instrumental
262,International
263,Rock
264,International
265,Rock
266,Electronic
267,Instrumental
268,International
269,Instrumental
270,International
271,Folk
272,International
273,Electronic
274,International
275,Pop
276,Electronic
277,Electronic
278,Folk
279,Hip-Hop
280,Experimental
281,Rock
282,Rock
283,Instrumental
284,Folk
285,Rock
286,Rock
287,Instrumental
288,Hip-Hop
289,Pop
290,Folk
291,Pop
292,Pop
293,International
294,Folk
295,Hip-Hop
296,Instrumental
297,Instrumental
298,Pop
299,International
300,International
301,International
302,International
303,Electronic
304,Hip-Hop
305,Experimental
306,Folk
307,Instrumental
308,Electronic
309,International
310,Folk
311,Experimental
312,Pop
313,International
314,Electronic
315,Electronic
316,Electronic
317,Hip-Hop
318,Pop
319,International
320,International
321,International
322,Instrumental
323,Instrumental
324,Rock
325,Experimental
326,International
327,Folk
328,International
329,Rock
330,Instrumental
331,Electronic
332,Instrumental
333,Electronic
334,Hip-Hop
335,Electronic
336,Pop
337,Folk
338,Electronic
339,Electronic
340,International
341,Folk
342,Hip-Hop
343,Electronic
344,Folk
345,Instrumental
346,Experimental
347,Pop
348,International
349,Experimental
350,Folk
351,International
352,Folk
353,Rock
354,Folk
355,Instrumental
356,Rock
357,International
358,Hip-Hop
359,International
360,Hip-Hop
361,Pop
362,International
363,Experimental
364,Folk
365,International
366,Rock
367,Hip-Hop
368,Electronic
369,Electronic
370,Electronic
371,Pop
372,Instrumental
373,Electronic
374,Rock
375,Folk
376,Electronic
377,Experimental
378,Electronic
379,Electronic
380,International
381,Electronic
382,Folk
383,Electronic
384,Instrumental
385,Folk
386,Folk
387,Instrumental
388,Folk
389,Experimental
390,Rock
391,Electronic
392,Electronic
393,International
394,Hip-Hop
395,Rock
396,Instrumental
397,Instrumental
398,International
399,Instrumental
400,Rock
401,Hip-Hop
402,Rock
403,Pop
404,Electronic
405,International
406,Experimental
407,Electronic
408,Electronic
409,Folk
410,Electronic
411,International
412,Pop
413,Electronic
414,International
415,Electronic
416,Rock
417,Folk
418,Hip-Hop
419,Electronic
420,Electronic
421,Electronic
422,Pop
423,Electronic
424,Electronic
425,Electronic
426,Pop
427,Hip-Hop
428,Folk
429,Experimental
430,Folk
431,Folk
432,Folk
433,Folk
434,Rock
435,Folk
436,Electronic
437,Rock
438,Rock
439,Hip-Hop
440,Rock
441,International
442,Pop
443,Folk
444,Electronic
445,Electronic
446,Electronic
447,Electronic
448,Electronic
449,Hip-Hop
450,Folk
451,Electronic
452,Hip-Hop
453,Instrumental
454,Instrumental
455,Hip-Hop
456,Instrumental
457,Pop
458,Pop
459,Folk
460,Electronic
461,Folk
462,Hip-Hop
463,Instrumental
464,Pop
465,Pop
466,Experimental
467,Pop
468,Electronic
469,Hip-Hop
470,Rock
471,Electronic
472,Electronic
473,Instrumental
474,Folk
475,Experimental
476,Experimental
477,International
478,Folk
479,Electronic
480,Pop
481,Electronic
482,Electronic
483,Instrumental
484,Pop
485,Folk
486,International
487,Electronic
488,Pop
489,Folk
490,International
491,Electronic
492,Experimental
493,Pop
494,Folk
495,International
496,Electronic
497,Experimental
498,Instrumental
499,Pop
500,Electronic
501,Folk
502,Experimental
503,Electronic
504,International
505,Pop
506,Hip-Hop
507,International
508,Pop
509,Hip-Hop
510,Rock
511,Electronic
512,Pop
513,Electronic
514,Hip-Hop
515,Hip-Hop
516,International
517,Folk
518,Experimental
519,Rock
520,Pop
521,Hip-Hop
522,Rock
523,International
524,International
525,Instrumental
526,International
527,International
528,Folk
529,International
530,Electronic
531,Electronic
532,Pop
533,Electronic
534,International
535,Electronic
536,Instrumental
537,Electronic
538,Experimental
539,Experimental
540,International
541,International
542,Folk
543,Electronic
544,Folk
545,Folk
546,Experimental
547,International
548,Pop
549,Experimental
550,Folk
551,Folk
552,Hip-Hop
553,Pop
554,International
555,Electronic
556,Electronic
557,Instrumental
558,Instrumental
559,Hip-Hop
560,Hip-Hop
561,Hip-Hop
562,Electronic
563,Hip-Hop
564,Hip-Hop
565,Hip-Hop
566,Instrumental
567,Hip-Hop
568,Hip-Hop
569,Folk
570,Folk
571,International
572,Electronic
573,Experimental
574,Rock
575,Electronic
576,Pop
577,Pop
578,Electronic
579,International
580,International
581,Electronic
582,Folk
583,Folk
584,Instrumental
585,Hip-Hop
586,Electronic
587,Folk
588,Folk
589,Folk
590,Folk
591,Rock
592,Rock
593,Instrumental
594,Experimental
595,Pop
596,Folk
597,Instrumental
598,Hip-Hop
599,Electronic
600,Electronic
601,Folk
602,Instrumental
603,Instrumental
604,Electronic
605,Folk
606,Hip-Hop
607,Electronic
608,Rock
609,International
610,Folk
611,Experimental
612,International
613,Hip-Hop
614,International
615,International
616,Pop
617,Folk
618,International
619,Instrumental
620,Pop
621,Instrumental
622,Hip-Hop
623,Experimental
624,Folk
625,Rock
626,Hip-Hop
627,Pop
628,Electronic
629,Instrumental
630,Experimental
631,Pop
632,Folk
633,Instrumental
634,Instrumental
635,Pop
636,Rock
637,International
638,Folk
639,Experimental
640,Rock
641,Experimental
642,Experimental
643,Pop
644,Instrumental
645,Folk
646,International
647,International
648,Hip-Hop
649,Folk
650,Folk
651,International
652,Instrumental
653,Folk
654,International
655,Instrumental
656,Electronic
657,Experimental
658,Pop
659,Experimental
660,International
661,Pop
662,Electronic
663,Folk
664,Pop
665,International
666,Rock
667,Hip-Hop
668,Electronic
669,Folk
670,Folk
671,Experimental
672,Electronic
673,Folk
674,Instrumental
675,Instrumental
676,Electronic
677,Pop
678,Instrumental
679,Hip-Hop
680,Pop
681,Rock
682,Electronic
683,Pop
684,Hip-Hop
685,Electronic
686,Pop
687,Electronic
688,Rock
689,Electronic
690,Instrumental
691,Rock
692,Instrumental
693,Hip-Hop
694,Hip-Hop
695,Folk
696,Folk
697,International
698,Folk
699,Hip-Hop
700,Experimental
701,Rock
702,Electronic
703,Electronic
704,International
705,Rock
706,Electronic
707,Folk
708,Experimental
709,Electronic
710,Electronic
711,International
712,Folk
713,International
714,Pop
715,Pop
716,Hip-Hop
717,Pop
718,International
719,Experimental
720,Rock
721,Hip-Hop
722,Experimental
723,Folk
724,Folk
725,Electronic
726,Folk
727,Hip-Hop
728,Pop
729,Folk
730,Experimental
731,Experimental
732,Hip-Hop
733,Rock
734,Pop
735,Electronic
736,Hip-Hop
737,Folk
738,Folk
739,Experimental
740,Folk
741,Electronic
742,Electronic
743,Electronic
744,Pop
745,Hip-Hop
746,Electronic
747,Hip-Hop
748,Folk
749,Hip-Hop
750,Electronic
751,International
752,Electronic
753,International
754,Hip-Hop
755,Electronic
756,Rock
757,Electronic
758,Experimental
759,Electronic
760,Folk
761,Rock
762,International
763,Pop
764,International
765,Folk
766,Electronic
767,Folk
768,Folk
769,Hip-Hop
770,Experimental
771,Rock
772,Hip-Hop
773,Pop
774,Electronic
775,Instrumental
776,International
777,Rock
778,International
779,Folk
780,Electronic
781,International
782,Instrumental
783,Folk
784,Experimental
785,Electronic
786,Instrumental
787,Pop
788,Instrumental
789,Rock
790,Rock
791,International
792,Folk
793,Hip-Hop
794,Rock
795,Rock
796,Hip-Hop
797,Electronic
798,Folk
799,Pop
800,Folk
801,International
802,Experimental
803,International
804,Electronic
805,Instrumental
806,Folk
807,Rock
808,Instrumental
809,Pop
810,International
811,Electronic
812,Rock
813,Instrumental
814,International
815,Rock
816,Experimental
817,International
818,Rock
819,Hip-Hop
820,International
821,Electronic
822,Electronic
823,Rock
824,Electronic
825,Electronic
826,Electronic
827,Hip-Hop
828,Hip-Hop
829,Electronic
830,Electronic
831,International
832,Folk
833,Hip-Hop
834,Hip-Hop
835,Instrumental
836,Folk
837,Rock
838,Folk
839,Pop
840,Hip-Hop
841,Instrumental
842,Folk
843,Hip-Hop
844,Folk
845,International
846,Folk
847,Hip-Hop
848,Instrumental
849,Pop
850,Folk
851,Instrumental
852,Rock
853,International
854,Electronic
855,Instrumental
856,Experimental
857,Pop
858,Folk
859,Hip-Hop
860,Experimental
861,Electronic
862,Electronic
863,Folk
864,Hip-Hop
865,International
866,Experimental
867,International
868,Instrumental
869,Electronic
870,International
871,Rock
872,International
873,Electronic
874,Electronic
875,Electronic
876,Rock
877,Pop
878,Electronic
879,Instrumental
880,Folk
881,Folk
882,Rock
883,Folk
884,Electronic
885,International
886,Pop
887,Hip-Hop
888,Instrumental
889,Hip-Hop
890,Experimental
891,Electronic
892,Experimental
893,Pop
894,Electronic
895,Rock
896,Instrumental
897,Folk
898,Instrumental
899,Electronic
900,Instrumental
901,Electronic
902,International
903,Hip-Hop
904,International
905,Electronic
906,Pop
907,Instrumental
908,International
909,Hip-Hop
910,Experimental
911,Electronic
912,Experimental
913,Instrumental
914,Electronic
915,Electronic
916,Folk
917,Experimental
918,Folk
919,International
920,Hip-Hop
921,Hip-Hop
922,Rock
923,Folk
924,Electronic
925,International
926,Electronic
927,Folk
928,Experimental
929,Folk
930,Folk
931,International
932,Hip-Hop
933,International
934,Instrumental
935,International
936,Rock
937,Instrumental
938,Electronic
939,Electronic
940,Electronic
941,Folk
942,Electronic
943,Instrumental
944,International
945,Pop
946,Pop
947,Rock
948,Instrumental
949,Folk
950,International
951,Folk
952,Electronic
953,Experimental
954,Rock
955,Electronic
956,Folk
957,Folk
958,International
959,Instrumental
960,Electronic
961,International
962,Pop
963,Pop
964,Rock
965,Folk
966,Folk
967,Folk
968,Folk
969,Instrumental
970,Hip-Hop
971,Instrumental
972,Experimental
973,International
974,Instrumental
975,Experimental
976,International
977,Electronic
978,Pop
979,International
980,International
981,Rock
982,Rock
983,Hip-Hop
984,Electronic
985,Experimental
986,International
987,Pop
988,Experimental
989,Electronic
990,Hip-Hop
991,Electronic
992,Rock
993,Pop
994,Experimental
995,Pop
996,Electronic
997,International
998,International
999,Rock
1000,Hip-Hop
1001,Folk
1002,International
1003,Pop
1004,Rock
1005,Folk
1006,Pop
1007,Folk
1008,International
1009,Folk
1010,Instrumental
1011,Folk
1012,Experimental
1013,Pop
1014,Electronic
1015,Electronic
1016,Hip-Hop
1017,Rock
1018,Folk
1019,Electronic
1020,Experimental
1021,Experimental
1022,Hip-Hop
1023,Instrumental
1024,Instrumental
1025,International
1026,Rock
1027,Rock
1028,Electronic
1029,Electronic
1030,Experimental
1031,Folk
1032,Electronic
1033,International
1034,Electronic
1035,International
1036,Electronic
1037,International
1038,Instrumental
1039,Folk
1040,Instrumental
1041,Folk
1042,Pop
1043,Instrumental
1044,International
1045,Instrumental
1046,Electronic
1047,Rock
1048,International
1049,Electronic
1050,International
1051,Hip-Hop
1052,Electronic
1053,International
1054,Instrumental
1055,Pop
1056,Experimental
1057,Pop
1058,Hip-Hop
1059,Folk
1060,Hip-Hop
1061,Rock
1062,Instrumental
1063,International
1064,Electronic
1065,Instrumental
1066,Experimental
1067,Electronic
1068,Experimental
1069,Electronic
1070,Folk
1071,Electronic
1072,International
1073,Rock
1074,Electronic
1075,Electronic
1076,Hip-Hop
1077,Electronic
1078,Experimental
1079,Instrumental
1080,Folk
1081,International
1082,Hip-Hop
1083,Hip-Hop
1084,Folk
1085,Experimental
1086,Electronic
1087,Folk
1088,Electronic
1089,Folk
1090,Hip-Hop
1091,Instrumental
1092,Electronic
1093,Experimental
1094,Hip-Hop
1095,Instrumental
1096,Folk
1097,Electronic
1098,Electronic
1099,Experimental
1100,Instrumental
1101,Rock
1102,Electronic
1103,Rock
1104,Rock
1105,Pop
1106,Electronic
1107,Hip-Hop
1108,Folk
1109,Rock
1110,Hip-Hop
1111,Hip-Hop
1112,Hip-Hop
1113,Pop
1114,Folk
1115,Instrumental
1116,International
1117,Folk
1118,Electronic
1119,Folk
1120,Experimental
1121,Electronic
1122,Folk
1123,Folk
1124,International
1125,Hip-Hop
1126,Experimental
1127,Electronic
1128,Instrumental
1129,Folk
1130,Instrumental
1131,Folk
1132,Hip-Hop
1133,Hip-Hop
1134,Pop
1135,Electronic
1136,Folk
1137,Rock
1138,Pop
1139,Instrumental
1140,Rock
1141,Instrumental
1142,Rock
1143,Rock
1144,Folk
1145,Instrumental
1146,International
1147,International
1148,Rock
1149,Electronic
1150,Electronic
1151,Electronic
1152,Hip-Hop
1153,Folk
1154,Folk
1155,Electronic
1156,Hip-Hop
1157,Instrumental
1158,Pop
1159,Electronic
1160,Electronic
1161,Electronic
1162,International
1163,Hip-Hop
1164,International
1165,Folk
1166,Folk
1167,Pop
1168,Hip-Hop
1169,Folk
1170,Rock
1171,Hip-Hop
1172,Folk
1173,Folk
1174,Hip-Hop
1175,Electronic
1176,Pop
1177,Rock
1178,Experimental
1179,Instrumental
1180,Rock
1181,Folk
1182,Experimental
1183,Pop
1184,Rock
1185,Folk
1186,International
1187,Folk
1188,Hip-Hop
1189,Pop
1190,Experimental
1191,Instrumental
1192,Electronic
1193,International
1194,Electronic
1195,Folk
1196,Pop
1197,Folk
1198,Rock
1199,Experimental
1200,Folk
1201,Folk
1202,Pop
1203,Folk
1204,Electronic
1205,Rock
1206,Instrumental
1207,Pop
1208,Rock
1209,Electronic
1210,Pop
1211,Rock
1212,Instrumental
1213,International
1214,Electronic
1215,Hip-Hop
1216,Electronic
1217,Folk
1218,Rock
1219,Folk
1220,Hip-Hop
1221,Folk
1222,Hip-Hop
1223,International
1224,Folk
1225,Hip-Hop
1226,Pop
1227,Pop
1228,International
1229,Hip-Hop
1230,International
1231,Electronic
1232,Hip-Hop
1233,Electronic
1234,Instrumental
1235,Folk
1236,Folk
1237,Rock
1238,Rock
1239,International
1240,Electronic
1241,Hip-Hop
1242,International
1243,Electronic
1244,Instrumental
1245,Pop
1246,Hip-Hop
1247,Electronic
1248,Electronic
1249,Electronic
1250,Hip-Hop
1251,Electronic
1252,Instrumental
1253,Folk
1254,International
1255,Electronic
1256,Electronic
1257,Folk
1258,Electronic
1259,Pop
1260,International
1261,Instrumental
1262,Electronic
1263,Folk
1264,Instrumental
1265,Folk
1266,Hip-Hop
1267,Pop
1268,Hip-Hop
1269,Pop
1270,Electronic
1271,International
1272,Pop
1273,Electronic
1274,Experimental
1275,Instrumental
1276,Experimental
1277,Experimental
1278,International
1279,Hip-Hop
1280,International
1281,Pop
1282,International
1283,International
1284,Electronic
1285,Electronic
1286,Electronic
1287,Folk
1288,Rock
1289,Electronic
1290,Electronic
1291,International
1292,Folk
1293,Rock
1294,Pop
1295,Experimental
1296,Pop
1297,Hip-Hop
1298,Electronic
1299,International
1300,Hip-Hop
1301,Instrumental
1302,Pop
1303,Folk
1304,Hip-Hop
1305,Folk
1306,Electronic
1307,Hip-Hop
1308,Pop
1309,Hip-Hop
1310,Hip-Hop
1311,Instrumental
1312,Electronic
1313,Hip-Hop
1314,Folk
1315,Hip-Hop
1316,Hip-Hop
1317,International
1318,Rock
1319,Instrumental
1320,Rock
1321,Experimental
1322,Electronic
1323,Pop
1324,Pop
1325,Rock
1326,Hip-Hop
1327,Instrumental
1328,Instrumental
1329,Electronic
1330,International
1331,Electronic
1332,Folk
1333,International
1334,Hip-Hop
1335,Rock
1336,Rock
1337,International
1338,International
1339,Folk
1340,Electronic
1341,Folk
1342,Hip-Hop
1343,Pop
1344,Instrumental
1345,Folk
1346,Electronic
1347,Instrumental
1348,Pop
1349,Instrumental
1350,Instrumental
1351,International
1352,Folk
1353,Folk
1354,Instrumental
1355,Electronic
1356,Hip-Hop
1357,Electronic
1358,Folk
1359,Instrumental
1360,Rock
1361,Pop
1362,Experimental
1363,Experimental
1364,Rock
1365,International
1366,International
1367,Instrumental
1368,Folk
1369,International
1370,Electronic
1371,Folk
1372,Electronic
1373,Folk
1374,Hip-Hop
1375,Electronic
1376,International
1377,International
1378,Instrumental
1379,Folk
1380,Folk
1381,Pop
1382,Folk
1383,Rock
1384,Pop
1385,Experimental
1386,Hip-Hop
1387,Experimental
1388,Folk
1389,Instrumental
1390,Folk
1391,Folk
1392,Hip-Hop
1393,Rock
1394,Rock
1395,Folk
1396,Experimental
1397,International
1398,Instrumental
1399,Hip-Hop
1400,Instrumental
1401,Electronic
1402,Folk
1403,Hip-Hop
1404,International
1405,Electronic
1406,Hip-Hop
1407,Hip-Hop
1408,Pop
1409,Rock
1410,Pop
1411,Hip-Hop
1412,International
1413,Hip-Hop
1414,Experimental
1415,International
1416,Hip-Hop
1417,Experimental
1418,Pop
1419,Pop
1420,International
1421,International
1422,Instrumental
1423,Experimental
1424,Electronic
1425,Electronic
1426,Rock
1427,Hip-Hop
1428,Rock
1429,Folk
1430,Folk
1431,Rock
1432,Folk
1433,Instrumental
1434,Instrumental
1435,Electronic
1436,Pop
1437,Electronic
1438,Electronic
1439,Electronic
1440,Folk
1441,Hip-Hop
1442,Pop
1443,Rock
1444,Folk
1445,Electronic
1446,Rock
1447,Electronic
1448,Rock
1449,International
1450,Hip-Hop
1451,International
1452,Instrumental
1453,Folk
1454,Folk
1455,Rock
1456,Electronic
1457,International
1458,Folk
1459,Electronic
1460,Electronic
1461,International
1462,Electronic
1463,Electronic
1464,Folk
1465,Hip-Hop
1466,Electronic
1467,Pop
1468,Folk
1469,Folk
1470,Electronic
1471,Instrumental
1472,Hip-Hop
1473,Folk
1474,International
1475,Hip-Hop
1476,Electronic
1477,Instrumental
1478,International
1479,Hip-Hop
1480,Hip-Hop
1481,Rock
1482,Pop
1483,Folk
1484,International
1485,Hip-Hop
1486,Instrumental
1487,Rock
1488,Hip-Hop
1489,Pop
1490,Hip-Hop
1491,Hip-Hop
1492,International
1493,International
1494,Rock
1495,Hip-Hop
1496,Pop
1497,Electronic
1498,Hip-Hop
1499,Hip-Hop
1500,Pop
1501,International
1502,Instrumental
1503,International
1504,Electronic
1505,Instrumental
1506,Electronic
1507,Instrumental
1508,Instrumental
1509,Instrumental
1510,Experimental
1511,Hip-Hop
1512,Folk
1513,Experimental
1514,Pop
1515,Folk
1516,Folk
1517,Electronic
1518,Folk
1519,Folk
1520,Electronic
1521,Pop
1522,Rock
1523,Electronic
1524,Instrumental
1525,Folk
1526,Electronic
1527,Folk
1528,International
1529,Instrumental
1530,International
1531,Folk
1532,Rock
1533,International
1534,Folk
1535,Folk
1536,Instrumental
1537,Experimental
1538,International
1539,Electronic
1540,Folk
1541,International
1542,Electronic
1543,Electronic
1544,Pop
1545,Experimental
1546,Rock
1547,Rock
1548,Pop
1549,Pop
1550,Folk
1551,Hip-Hop
1552,Hip-Hop
1553,Electronic
1554,International
1555,Electronic
1556,Electronic
1557,International
1558,Hip-Hop
1559,Pop
1560,Folk
1561,International
1562,Rock
1563,Electronic
1564,Instrumental
1565,Electronic
1566,International
1567,Hip-Hop
1568,Experimental
1569,Folk
1570,Folk
1571,Folk
1572,International
1573,Folk
1574,Electronic
1575,Hip-Hop
1576,Hip-Hop
1577,International
1578,Hip-Hop
1579,Pop
1580,Instrumental
1581,Pop
1582,Experimental
1583,Folk
1584,Experimental
1585,Electronic
1586,Hip-Hop
1587,Electronic
1588,Electronic
1589,Pop
1590,Folk
1591,Rock
1592,Folk
1593,Instrumental
1594,Electronic
1595,International
1596,Experimental
1597,Folk
1598,Hip-Hop
1599,Experimental
1600,Folk
1601,Electronic
1602,International
1603,Folk
1604,Folk
1605,Instrumental
1606,Experimental
1607,Rock
1608,Electronic
1609,Folk
1610,Hip-Hop
1611,Electronic
1612,Hip-Hop
1613,Rock
1614,Electronic
1615,Electronic
1616,Instrumental
1617,Instrumental
1618,Experimental
1619,Instrumental
1620,Folk
1621,Hip-Hop
1622,Electronic
1623,Pop
1624,Electronic
1625,Pop
1626,International
1627,International
1628,Pop
1629,Electronic
1630,Rock
1631,Pop
1632,Electronic
1633,Instrumental
1634,International
1635,Folk
1636,Hip-Hop
1637,Pop
1638,International
1639,Pop
1640,Instrumental
1641,Electronic
1642,Hip-Hop
1643,Folk
1644,Pop
1645,Electronic
1646,Electronic
1647,Folk
1648,Electronic
1649,Experimental
1650,Electronic
1651,Folk
1652,Electronic
1653,Hip-Hop
1654,Electronic
1655,Electronic
1656,Rock
1657,Instrumental
1658,Rock
1659,International
1660,Folk
1661,Rock
1662,Folk
1663,Electronic
1664,Instrumental
1665,Folk
1666,Folk
1667,International
1668,Electronic
1669,Rock
1670,Instrumental
1671,Electronic
1672,Pop
1673,Electronic
1674,Experimental
1675,Electronic
1676,International
1677,Instrumental
1678,International
1679,Instrumental
1680,Hip-Hop
1681,Folk
1682,Rock
1683,International
1684,International
1685,Electronic
1686,International
1687,International
1688,Folk
1689,Pop
1690,International
1691,Experimental
1692,Folk
1693,International
1694,Rock
1695,Rock
1696,Hip-Hop
1697,Folk
1698,Electronic
1699,Rock
1700,Experimental
1701,Folk
1702,Rock
1703,Pop
1704,International
1705,International
1706,Electronic
1707,Instrumental
1708,Experimental
1709,Folk
1710,Folk
1711,Instrumental
1712,Instrumental
1713,Folk
1714,Experimental
1715,Folk
1716,International
1717,Hip-Hop
1718,Instrumental
1719,Instrumental
1720,Folk
1721,Rock
1722,Pop
1723,Folk
1724,Electronic
1725,Instrumental
1726,Folk
1727,Pop
1728,Hip-Hop
1729,Rock
1730,Experimental
1731,Pop
1732,Folk
1733,Folk
1734,Folk
1735,Hip-Hop
1736,Hip-Hop
1737,Hip-Hop
1738,Folk
1739,International
1740,Pop
1741,Pop
1742,Folk
1743,Rock
1744,Instrumental
1745,Electronic
1746,Electronic
1747,Experimental
1748,Rock
1749,Electronic
1750,Folk
1751,Electronic
1752,Folk
1753,Hip-Hop
1754,Experimental
1755,Electronic
1756,Folk
1757,Folk
1758,Pop
1759,Folk
1760,Experimental
1761,Folk
1762,Folk
1763,Folk
1764,Pop
1765,Experimental
1766,Experimental
1767,Instrumental
1768,Rock
1769,International
1770,Electronic
1771,Folk
1772,Electronic
1773,International
1774,Hip-Hop
1775,Pop
1776,Experimental
1777,Electronic
1778,Pop
1779,Experimental
1780,Pop
1781,Folk
1782,Experimental
1783,Hip-Hop
1784,Instrumental
1785,Folk
1786,Hip-Hop
1787,Rock
1788,Folk
1789,Folk
1790,Experimental
1791,Pop
1792,International
1793,Folk
1794,Hip-Hop
1795,Electronic
1796,Pop
1797,Hip-Hop
1798,Rock
1799,Hip-Hop
1800,Rock
1801,International
1802,Pop
1803,Folk
1804,International
1805,International
1806,Rock
1807,Hip-Hop
1808,Pop
1809,Hip-Hop
1810,Electronic
1811,Experimental
1812,Hip-Hop
1813,Folk
1814,Folk
1815,Pop
1816,Electronic
1817,Hip-Hop
1818,Instrumental
1819,Electronic
1820,Experimental
1821,Folk
1822,Electronic
1823,Pop
1824,Instrumental
1825,Electronic
1826,Pop
1827,Electronic
1828,Pop
1829,Experimental
1830,Rock
1831,International
1832,Instrumental
1833,International
1834,International
1835,Folk
1836,Folk
1837,Pop
1838,International
1839,Instrumental
1840,Folk
1841,International
1842,Electronic
1843,Experimental
1844,Folk
1845,Hip-Hop
1846,Electronic
1847,Hip-Hop
1848,Rock
1849,Electronic
1850,Rock
1851,Hip-Hop
1852,Pop
1853,Pop
1854,Pop
1855,International
1856,Instrumental
1857,Experimental
1858,Electronic
1859,Experimental
1860,Electronic
1861,Electronic
1862,International
1863,Pop
1864,Electronic
1865,Instrumental
1866,International
1867,Electronic
1868,International
1869,Rock
1870,Rock
1871,Hip-Hop
1872,Instrumental
1873,Experimental
1874,Electronic
1875,Instrumental
1876,Folk
1877,Electronic
1878,International
1879,Hip-Hop
1880,Folk
1881,Rock
1882,Electronic
1883,Hip-Hop
1884,Experimental
1885,Rock
1886,International
1887,Instrumental
1888,Instrumental
1889,Instrumental
1890,Folk
1891,Pop
1892,International
1893,Electronic
1894,Pop
1895,Instrumental
1896,Folk
1897,Electronic
1898,Electronic
1899,Folk
1900,Rock
1901,Hip-Hop
1902,Electronic
1903,Instrumental
1904,Folk
1905,Folk
1906,Hip-Hop
1907,Pop
1908,Pop
1909,International
1910,Instrumental
1911,Rock
1912,Instrumental
1913,Instrumental
1914,Electronic
1915,Electronic
1916,Experimental
1917,Instrumental
1918,Instrumental
1919,Instrumental
1920,Electronic
1921,Hip-Hop
1922,Folk
1923,International
1924,Rock
1925,Hip-Hop
1926,Electronic
1927,Pop
1928,Pop
1929,Experimental
1930,International
1931,Experimental
1932,Rock
1933,Electronic
1934,Instrumental
1935,Experimental
1936,Pop
1937,Electronic
1938,Folk
1939,Folk
1940,Folk
1941,Hip-Hop
1942,Instrumental
1943,Experimental
1944,Instrumental
1945,Electronic
1946,International
1947,Pop
1948,Experimental
1949,Instrumental
1950,Folk
1951,Experimental
1952,Folk
1953,International
1954,International
1955,Hip-Hop
1956,Experimental
1957,Experimental
1958,Rock
1959,International
1960,International
1961,Pop
1962,Rock
1963,International
1964,Hip-Hop
1965,Experimental
1966,Electronic
1967,Instrumental
1968,Instrumental
1969,Folk
1970,Experimental
1971,Folk
1972,Instrumental
1973,Hip-Hop
1974,Electronic
1975,Pop
1976,Folk
1977,Experimental
1978,Hip-Hop
1979,International
1980,Hip-Hop
1981,Electronic
1982,Folk
1983,Rock
1984,Pop
1985,Folk
1986,Pop
1987,Instrumental
1988,Hip-Hop
1989,Hip-Hop
1990,International
1991,Pop
1992,Hip-Hop
1993,Hip-Hop
1994,Instrumental
1995,Hip-Hop
1996,Electronic
1997,Experimental
1998,Pop
1999,Folk
