Id,Genre
0,Electronic
1,Rock
2,Instrumental
3,Hip-Hop
4,Rock
5,Pop
6,Rock
7,Experimental
8,Instrumental
9,Folk
10,Hip-Hop
11,Electronic
12,International
13,Pop
14,Rock
15,Folk
16,Pop
17,Experimental
18,International
19,Hip-Hop
20,Rock
21,Pop
22,Hip-Hop
23,Electronic
24,Pop
25,Rock
26,Folk
27,Hip-Hop
28,Folk
29,Experimental
30,International
31,International
32,Experimental
33,International
34,International
35,Rock
36,Folk
37,Experimental
38,Pop
39,Electronic
40,Electronic
41,Hip-Hop
42,Instrumental
43,Hip-Hop
44,Rock
45,Instrumental
46,Rock
47,International
48,Instrumental
49,International
50,Electronic
51,Folk
52,Hip-Hop
53,Hip-Hop
54,Folk
55,Rock
56,Hip-Hop
57,Experimental
58,Instrumental
59,Instrumental
60,International
61,Pop
62,Pop
63,Electronic
64,Hip-Hop
65,Hip-Hop
66,Pop
67,Electronic
68,International
69,Pop
70,Experimental
71,Pop
72,Electronic
73,International
74,Hip-Hop
75,Pop
76,Instrumental
77,Experimental
78,International
79,Instrumental
80,Hip-Hop
81,Experimental
82,International
83,Rock
84,Electronic
85,International
86,Rock
87,Experimental
88,Rock
89,Folk
90,International
91,International
92,Rock
93,Electronic
94,Folk
95,International
96,Electronic
97,Rock
98,Electronic
99,Electronic
100,Rock
101,Folk
102,Experimental
103,Hip-Hop
104,International
105,Instrumental
106,Pop
107,Folk
108,Experimental
109,Hip-Hop
110,Instrumental
111,Hip-Hop
112,Instrumental
113,Hip-Hop
114,Experimental
115,Experimental
116,Hip-Hop
117,Folk
118,Rock
119,Rock
120,Folk
121,Hip-Hop
122,Pop
123,Pop
124,Rock
125,Pop
126,Hip-Hop
127,Folk
128,International
129,Folk
130,Hip-Hop
131,Pop
132,International
133,International
134,Rock
135,Electronic
136,Electronic
137,Electronic
138,Electronic
139,Electronic
140,Rock
141,Rock
142,Hip-Hop
143,Folk
144,Rock
145,Pop
146,Electronic
147,Electronic
148,Folk
149,Experimental
150,Hip-Hop
151,Hip-Hop
152,Experimental
153,Experimental
154,Hip-Hop
155,Hip-Hop
156,Folk
157,Rock
158,Pop
159,Folk
160,Pop
161,International
162,Hip-Hop
163,Instrumental
164,Folk
165,Instrumental
166,Rock
167,Rock
168,Rock
169,Experimental
170,Pop
171,Rock
172,Folk
173,Instrumental
174,Electronic
175,Instrumental
176,International
177,Experimental
178,Electronic
179,Folk
180,Folk
181,Rock
182,Folk
183,Folk
184,Experimental
185,Experimental
186,Experimental
187,Pop
188,International
189,Rock
190,Experimental
191,Electronic
192,Pop
193,Pop
194,Rock
195,Hip-Hop
196,Pop
197,Electronic
198,Instrumental
199,Instrumental
200,Experimental
201,Folk
202,International
203,Electronic
204,Experimental
205,Folk
206,Rock
207,Instrumental
208,Folk
209,Pop
210,Folk
211,Folk
212,Rock
213,Instrumental
214,Folk
215,Hip-Hop
216,Electronic
217,Rock
218,Folk
219,Electronic
220,Experimental
221,International
222,International
223,Instrumental
224,Pop
225,Hip-Hop
226,Experimental
227,International
228,Hip-Hop
229,Folk
230,Folk
231,Electronic
232,Hip-Hop
233,Pop
234,Folk
235,Pop
236,Hip-Hop
237,Experimental
238,Experimental
239,Experimental
240,Experimental
241,Hip-Hop
242,Pop
243,Electronic
244,International
245,Instrumental
246,International
247,Instrumental
248,Electronic
249,Rock
250,Folk
251,Instrumental
252,Folk
253,International
254,Hip-Hop
255,Electronic
256,Rock
257,Instrumental
258,Rock
259,Electronic
260,International
261,International
262,Rock
263,Pop
264,Rock
265,International
266,Hip-Hop
267,Pop
268,Folk
269,Electronic
270,Pop
271,Pop
272,Folk
273,Hip-Hop
274,International
275,Experimental
276,Pop
277,International
278,Experimental
279,Pop
280,International
281,Pop
282,Pop
283,Pop
284,Electronic
285,International
286,Hip-Hop
287,Hip-Hop
288,Rock
289,Instrumental
290,Experimental
291,Electronic
292,Hip-Hop
293,Electronic
294,Folk
295,Instrumental
296,Electronic
297,Folk
298,Instrumental
299,Electronic
300,Instrumental
301,Pop
302,Pop
303,Pop
304,Rock
305,International
306,Instrumental
307,Experimental
308,Rock
309,Experimental
310,Folk
311,Instrumental
312,Electronic
313,Hip-Hop
314,Electronic
315,Pop
316,Electronic
317,Electronic
318,Electronic
319,International
320,Rock
321,Hip-Hop
322,International
323,Electronic
324,Instrumental
325,Rock
326,Folk
327,Hip-Hop
328,Experimental
329,Electronic
330,Instrumental
331,Pop
332,Hip-Hop
333,Experimental
334,Experimental
335,Rock
336,Instrumental
337,Rock
338,Folk
339,Hip-Hop
340,Instrumental
341,Experimental
342,Hip-Hop
343,Electronic
344,International
345,Experimental
346,Hip-Hop
347,Folk
348,Electronic
349,International
350,Folk
351,Rock
352,Rock
353,International
354,Electronic
355,Electronic
356,Rock
357,Electronic
358,Rock
359,Instrumental
360,Hip-Hop
361,Rock
362,Pop
363,Rock
364,Rock
365,Experimental
366,Hip-Hop
367,Rock
368,International
369,Hip-Hop
370,Experimental
371,Hip-Hop
372,International
373,Electronic
374,Folk
375,Rock
376,Pop
377,Experimental
378,Hip-Hop
379,Folk
380,Hip-Hop
381,Hip-Hop
382,Experimental
383,Rock
384,International
385,Hip-Hop
386,International
387,Instrumental
388,Folk
389,Hip-Hop
390,Hip-Hop
391,International
392,Experimental
393,Pop
394,Hip-Hop
395,Folk
396,Rock
397,International
398,Pop
399,Experimental
400,Electronic
401,Folk
402,Instrumental
403,Instrumental
404,Hip-Hop
405,Experimental
406,Electronic
407,Pop
408,Pop
409,Folk
410,International
411,Rock
412,International
413,Experimental
414,Instrumental
415,Folk
416,Folk
417,Electronic
418,Rock
419,Rock
420,Instrumental
421,Electronic
422,Pop
423,International
424,Experimental
425,Experimental
426,Hip-Hop
427,Folk
428,Folk
429,International
430,Experimental
431,Electronic
432,International
433,Electronic
434,Pop
435,Hip-Hop
436,Pop
437,Electronic
438,Hip-Hop
439,Folk
440,Pop
441,Pop
442,Instrumental
443,Rock
444,Hip-Hop
445,Rock
446,Instrumental
447,Hip-Hop
448,Experimental
449,Electronic
450,Folk
451,Hip-Hop
452,Electronic
453,International
454,Electronic
455,Rock
456,Electronic
457,Instrumental
458,Electronic
459,Pop
460,Electronic
461,Rock
462,Pop
463,Pop
464,Rock
465,International
466,Pop
467,Folk
468,Pop
469,Instrumental
470,International
471,Instrumental
472,Hip-Hop
473,Rock
474,Pop
475,International
476,Rock
477,Experimental
478,Electronic
479,Electronic
480,Rock
481,Experimental
482,Electronic
483,Folk
484,Electronic
485,Hip-Hop
486,Rock
487,Rock
488,International
489,Rock
490,Pop
491,Electronic
492,Instrumental
493,Pop
494,Hip-Hop
495,International
496,Rock
497,Instrumental
498,Rock
499,International
500,Rock
501,Experimental
502,Folk
503,Rock
504,Pop
505,Instrumental
506,Hip-Hop
507,Folk
508,Experimental
509,Folk
510,Folk
511,Instrumental
512,Instrumental
513,Instrumental
514,Instrumental
515,Instrumental
516,Instrumental
517,International
518,Folk
519,Instrumental
520,Rock
521,Instrumental
522,Instrumental
523,Pop
524,Rock
525,Hip-Hop
526,International
527,Electronic
528,Electronic
529,International
530,Electronic
531,Rock
532,Instrumental
533,Pop
534,Hip-Hop
535,Rock
536,Pop
537,International
538,Folk
539,Rock
540,Electronic
541,Rock
542,Pop
543,Rock
544,Folk
545,International
546,Instrumental
547,Experimental
548,International
549,Experimental
550,International
551,Rock
552,Folk
553,International
554,Electronic
555,Pop
556,Hip-Hop
557,International
558,Instrumental
559,Experimental
560,Instrumental
561,Electronic
562,Experimental
563,Instrumental
564,Electronic
565,Folk
566,Folk
567,Electronic
568,Hip-Hop
569,Instrumental
570,Pop
571,Instrumental
572,International
573,Rock
574,Hip-Hop
575,Rock
576,Folk
577,International
578,Rock
579,Folk
580,Hip-Hop
581,Pop
582,Experimental
583,Electronic
584,Electronic
585,Hip-Hop
586,Folk
587,Hip-Hop
588,Electronic
589,Hip-Hop
590,Instrumental
591,Folk
592,International
593,Folk
594,Hip-Hop
595,Instrumental
596,Folk
597,Experimental
598,Electronic
599,Experimental
600,Electronic
601,International
602,Pop
603,Rock
604,Hip-Hop
605,Rock
606,Experimental
607,Hip-Hop
608,Hip-Hop
609,Rock
610,Electronic
611,Experimental
612,Hip-Hop
613,Instrumental
614,Hip-Hop
615,Experimental
616,Instrumental
617,Experimental
618,Pop
619,Hip-Hop
620,Pop
621,Pop
622,Electronic
623,Electronic
624,Hip-Hop
625,Hip-Hop
626,Folk
627,Electronic
628,Folk
629,Folk
630,Experimental
631,Rock
632,Folk
633,Pop
634,Experimental
635,Electronic
636,Experimental
637,Instrumental
638,Electronic
639,Experimental
640,Hip-Hop
641,Rock
642,Electronic
643,Hip-Hop
644,Folk
645,International
646,Electronic
647,Pop
648,Rock
649,Instrumental
650,Instrumental
651,Experimental
652,Experimental
653,Experimental
654,Pop
655,Rock
656,Hip-Hop
657,Rock
658,Experimental
659,Folk
660,Hip-Hop
661,Instrumental
662,Rock
663,Instrumental
664,Folk
665,International
666,Electronic
667,Folk
668,Pop
669,Pop
670,Instrumental
671,Folk
672,Experimental
673,Rock
674,Rock
675,Rock
676,Hip-Hop
677,Instrumental
678,Rock
679,Folk
680,Pop
681,Instrumental
682,Folk
683,Electronic
684,Rock
685,Hip-Hop
686,Experimental
687,Electronic
688,Folk
689,Hip-Hop
690,Experimental
691,International
692,Pop
693,Rock
694,Electronic
695,Electronic
696,Hip-Hop
697,Electronic
698,Experimental
699,Rock
700,International
701,Instrumental
702,Pop
703,Pop
704,Instrumental
705,Folk
706,Hip-Hop
707,Rock
708,International
709,Rock
710,Instrumental
711,Experimental
712,Electronic
713,Pop
714,Rock
715,Experimental
716,Electronic
717,Electronic
718,Rock
719,Hip-Hop
720,Hip-Hop
721,Folk
722,Instrumental
723,Hip-Hop
724,Electronic
725,Experimental
726,Rock
727,Folk
728,Instrumental
729,Pop
730,Hip-Hop
731,Folk
732,Electronic
733,Rock
734,Instrumental
735,Folk
736,Rock
737,International
738,Folk
739,Pop
740,Experimental
741,Electronic
742,Folk
743,Pop
744,International
745,Hip-Hop
746,Rock
747,Pop
748,Hip-Hop
749,Pop
750,Electronic
751,Instrumental
752,Pop
753,Instrumental
754,Electronic
755,Hip-Hop
756,Experimental
757,Instrumental
758,Instrumental
759,Electronic
760,International
761,Instrumental
762,International
763,Electronic
764,International
765,Folk
766,Electronic
767,Rock
768,Electronic
769,Electronic
770,Hip-Hop
771,Experimental
772,Folk
773,Rock
774,Hip-Hop
775,Pop
776,Instrumental
777,Folk
778,Experimental
779,Instrumental
780,Instrumental
781,Hip-Hop
782,Folk
783,Hip-Hop
784,International
785,International
786,Pop
787,Pop
788,Electronic
789,Rock
790,International
791,Pop
792,Instrumental
793,Pop
794,Electronic
795,Rock
796,Rock
797,Hip-Hop
798,Pop
799,Instrumental
800,Electronic
801,Folk
802,Hip-Hop
803,Pop
804,Instrumental
805,Instrumental
806,Pop
807,Experimental
808,International
809,Electronic
810,Hip-Hop
811,Pop
812,Instrumental
813,Electronic
814,International
815,Experimental
816,Electronic
817,Pop
818,Experimental
819,Experimental
820,Hip-Hop
821,Rock
822,Electronic
823,Experimental
824,International
825,Experimental
826,Rock
827,International
828,Hip-Hop
829,Hip-Hop
830,Folk
831,International
832,Experimental
833,Pop
834,Folk
835,Folk
836,Folk
837,Folk
838,Instrumental
839,Experimental
840,International
841,Experimental
842,International
843,Rock
844,Pop
845,Electronic
846,Electronic
847,Pop
848,Electronic
849,Folk
850,Experimental
851,Electronic
852,Hip-Hop
853,Rock
854,International
855,Folk
856,Rock
857,Experimental
858,International
859,Hip-Hop
860,International
861,Folk
862,Electronic
863,International
864,Pop
865,Electronic
866,Pop
867,Instrumental
868,Folk
869,Pop
870,Instrumental
871,Hip-Hop
872,Instrumental
873,Rock
874,Hip-Hop
875,Rock
876,Rock
877,Rock
878,Electronic
879,Experimental
880,Instrumental
881,Folk
882,Rock
883,Hip-Hop
884,Electronic
885,Experimental
886,Pop
887,Hip-Hop
888,Electronic
889,Experimental
890,Folk
891,Electronic
892,Pop
893,Instrumental
894,Instrumental
895,Hip-Hop
896,Electronic
897,Experimental
898,Folk
899,International
900,Hip-Hop
901,Pop
902,Hip-Hop
903,Hip-Hop
904,International
905,Instrumental
906,Experimental
907,Folk
908,International
909,International
910,International
911,Electronic
912,Hip-Hop
913,Pop
914,Rock
915,Rock
916,Hip-Hop
917,Pop
918,Rock
919,Hip-Hop
920,Experimental
921,Experimental
922,Instrumental
923,Instrumental
924,Hip-Hop
925,Hip-Hop
926,Instrumental
927,Rock
928,International
929,Folk
930,Electronic
931,Electronic
932,Instrumental
933,Instrumental
934,International
935,Experimental
936,Electronic
937,Rock
938,Hip-Hop
939,International
940,International
941,Folk
942,Pop
943,Folk
944,Rock
945,International
946,Experimental
947,Instrumental
948,Experimental
949,Rock
950,Hip-Hop
951,Rock
952,Instrumental
953,Electronic
954,International
955,Rock
956,International
957,Folk
958,Electronic
959,Pop
960,Instrumental
961,Pop
962,Pop
963,Rock
964,International
965,Rock
966,International
967,Experimental
968,Electronic
969,Electronic
970,Instrumental
971,International
972,Pop
973,International
974,Electronic
975,Experimental
976,Experimental
977,Experimental
978,Folk
979,Electronic
980,Pop
981,Rock
982,Experimental
983,Rock
984,Experimental
985,International
986,Folk
987,Hip-Hop
988,Experimental
989,Instrumental
990,Instrumental
991,Electronic
992,Experimental
993,Pop
994,Instrumental
995,Instrumental
996,Instrumental
997,Electronic
998,Folk
999,Pop
1000,International
1001,Folk
1002,Folk
1003,Folk
1004,Electronic
1005,Folk
1006,International
1007,Pop
1008,Folk
1009,Instrumental
1010,International
1011,Hip-Hop
1012,Instrumental
1013,Folk
1014,Experimental
1015,Pop
1016,Electronic
1017,Rock
1018,Pop
1019,Instrumental
1020,Rock
1021,Electronic
1022,Rock
1023,Instrumental
1024,Electronic
1025,Rock
1026,Pop
1027,Instrumental
1028,Folk
1029,Instrumental
1030,Experimental
1031,International
1032,Electronic
1033,Rock
1034,International
1035,Experimental
1036,Hip-Hop
1037,Electronic
1038,Electronic
1039,Hip-Hop
1040,Instrumental
1041,Experimental
1042,International
1043,Experimental
1044,Pop
1045,Instrumental
1046,Electronic
1047,International
1048,Folk
1049,Experimental
1050,Rock
1051,Experimental
1052,Instrumental
1053,Rock
1054,Hip-Hop
1055,Rock
1056,International
1057,Pop
1058,Pop
1059,International
1060,Rock
1061,Rock
1062,Instrumental
1063,Experimental
1064,Experimental
1065,International
1066,Folk
1067,Electronic
1068,Pop
1069,International
1070,Electronic
1071,Instrumental
1072,Hip-Hop
1073,Instrumental
1074,Folk
1075,Experimental
1076,Hip-Hop
1077,International
1078,International
1079,International
1080,Electronic
1081,International
1082,Hip-Hop
1083,Rock
1084,Hip-Hop
1085,Pop
1086,Hip-Hop
1087,Instrumental
1088,Experimental
1089,Rock
1090,Experimental
1091,Experimental
1092,Experimental
1093,Experimental
1094,Folk
1095,Folk
1096,Electronic
1097,Instrumental
1098,Instrumental
1099,Rock
1100,Pop
1101,Rock
1102,Instrumental
1103,Folk
1104,Pop
1105,Experimental
1106,Hip-Hop
1107,International
1108,Rock
1109,Experimental
1110,Folk
1111,Rock
1112,Hip-Hop
1113,Electronic
1114,Rock
1115,Experimental
1116,Pop
1117,Folk
1118,Instrumental
1119,Pop
1120,International
1121,Hip-Hop
1122,Experimental
1123,Instrumental
1124,Electronic
1125,Electronic
1126,Experimental
1127,Electronic
1128,International
1129,Hip-Hop
1130,Experimental
1131,Rock
1132,Rock
1133,Instrumental
1134,Instrumental
1135,Instrumental
1136,Electronic
1137,International
1138,Instrumental
1139,Folk
1140,Instrumental
1141,Electronic
1142,Pop
1143,Rock
1144,International
1145,Pop
1146,Rock
1147,International
1148,International
1149,Electronic
1150,Folk
1151,Rock
1152,Experimental
1153,Instrumental
1154,Rock
1155,Experimental
1156,Hip-Hop
1157,Folk
1158,Instrumental
1159,Hip-Hop
1160,Pop
1161,Folk
1162,Folk
1163,International
1164,Pop
1165,Instrumental
1166,Rock
1167,Pop
1168,Pop
1169,Folk
1170,Folk
1171,Folk
1172,Experimental
1173,Hip-Hop
1174,International
1175,Experimental
1176,Instrumental
1177,Rock
1178,Hip-Hop
1179,Folk
1180,International
1181,Electronic
1182,International
1183,Hip-Hop
1184,Instrumental
1185,Pop
1186,Hip-Hop
1187,Hip-Hop
1188,Hip-Hop
1189,Rock
1190,Folk
1191,Folk
1192,Folk
1193,Pop
1194,Instrumental
1195,Rock
1196,International
1197,International
1198,Electronic
1199,Instrumental
1200,Rock
1201,Pop
1202,Pop
1203,Hip-Hop
1204,Pop
1205,Hip-Hop
1206,Rock
1207,Electronic
1208,Pop
1209,Rock
1210,Folk
1211,International
1212,Pop
1213,Pop
1214,International
1215,Folk
1216,Experimental
1217,Instrumental
1218,Folk
1219,Rock
1220,International
1221,Electronic
1222,Instrumental
1223,International
1224,Folk
1225,Rock
1226,Electronic
1227,Rock
1228,Folk
1229,Folk
1230,Instrumental
1231,Folk
1232,Hip-Hop
1233,Rock
1234,Hip-Hop
1235,Rock
1236,Pop
1237,Pop
1238,Hip-Hop
1239,Folk
1240,Folk
1241,Pop
1242,Experimental
1243,Electronic
1244,Rock
1245,Rock
1246,International
1247,Pop
1248,International
1249,Rock
1250,Experimental
1251,Electronic
1252,Instrumental
1253,Folk
1254,Rock
1255,Folk
1256,International
1257,Pop
1258,Pop
1259,International
1260,Folk
1261,Folk
1262,International
1263,International
1264,Electronic
1265,Electronic
1266,Electronic
1267,Pop
1268,Hip-Hop
1269,Instrumental
1270,Experimental
1271,Experimental
1272,Electronic
1273,Experimental
1274,International
1275,International
1276,Rock
1277,Folk
1278,International
1279,International
1280,Rock
1281,Electronic
1282,International
1283,Electronic
1284,Hip-Hop
1285,Rock
1286,Rock
1287,Electronic
1288,Folk
1289,Instrumental
1290,Experimental
1291,Experimental
1292,Folk
1293,Pop
1294,Pop
1295,Folk
1296,Instrumental
1297,Electronic
1298,Experimental
1299,Instrumental
1300,Hip-Hop
1301,International
1302,Pop
1303,Pop
1304,Folk
1305,Pop
1306,Experimental
1307,Rock
1308,International
1309,International
1310,International
1311,Experimental
1312,Rock
1313,International
1314,International
1315,Experimental
1316,International
1317,Experimental
1318,Folk
1319,Rock
1320,Experimental
1321,Pop
1322,Pop
1323,Electronic
1324,Hip-Hop
1325,International
1326,Pop
1327,Instrumental
1328,Electronic
1329,Pop
1330,Electronic
1331,Experimental
1332,Experimental
1333,Rock
1334,Instrumental
1335,Electronic
1336,Folk
1337,Electronic
1338,Instrumental
1339,Experimental
1340,Folk
1341,Folk
1342,Rock
1343,Folk
1344,Instrumental
1345,Folk
1346,Folk
1347,Pop
1348,Pop
1349,Electronic
1350,International
1351,Rock
1352,Folk
1353,Electronic
1354,Folk
1355,Electronic
1356,Electronic
1357,Rock
1358,International
1359,International
1360,Experimental
1361,Rock
1362,Folk
1363,Electronic
1364,Pop
1365,Electronic
1366,Rock
1367,Folk
1368,Folk
1369,Experimental
1370,Electronic
1371,Experimental
1372,International
1373,Rock
1374,Experimental
1375,Pop
1376,Instrumental
1377,Instrumental
1378,Instrumental
1379,Folk
1380,Hip-Hop
1381,Rock
1382,Experimental
1383,Hip-Hop
1384,Instrumental
1385,Folk
1386,Experimental
1387,Electronic
1388,Folk
1389,Instrumental
1390,Experimental
1391,Hip-Hop
1392,Hip-Hop
1393,Instrumental
1394,Electronic
1395,International
1396,International
1397,Experimental
1398,Experimental
1399,Electronic
1400,Pop
1401,Experimental
1402,Instrumental
1403,Instrumental
1404,Pop
1405,Pop
1406,Folk
1407,Folk
1408,Experimental
1409,Instrumental
1410,Rock
1411,Pop
1412,International
1413,Instrumental
1414,International
1415,Pop
1416,Electronic
1417,International
1418,Electronic
1419,Folk
1420,Electronic
1421,Electronic
1422,Instrumental
1423,Folk
1424,Folk
1425,Experimental
1426,Electronic
1427,Rock
1428,Electronic
1429,Pop
1430,Folk
1431,Rock
1432,International
1433,Electronic
1434,Pop
1435,Electronic
1436,Hip-Hop
1437,Hip-Hop
1438,Rock
1439,Electronic
1440,International
1441,Electronic
1442,Folk
1443,Rock
1444,Pop
1445,Hip-Hop
1446,Folk
1447,Hip-Hop
1448,Folk
1449,Experimental
1450,Experimental
1451,International
1452,Pop
1453,Pop
1454,International
1455,Folk
1456,Folk
1457,Hip-Hop
1458,International
1459,Pop
1460,Electronic
1461,Pop
1462,Instrumental
1463,Electronic
1464,Rock
1465,Folk
1466,Experimental
1467,International
1468,International
1469,Rock
1470,Hip-Hop
1471,Instrumental
1472,International
1473,International
1474,Folk
1475,Folk
1476,Experimental
1477,Pop
1478,Electronic
1479,Rock
1480,Pop
1481,Electronic
1482,Rock
1483,Experimental
1484,Instrumental
1485,Instrumental
1486,Pop
1487,Hip-Hop
1488,Experimental
1489,Pop
1490,Experimental
1491,Pop
1492,Hip-Hop
1493,Pop
1494,Pop
1495,International
1496,Folk
1497,Hip-Hop
1498,International
1499,International
1500,Experimental
1501,Experimental
1502,Folk
1503,Folk
1504,Hip-Hop
1505,Folk
1506,Instrumental
1507,Instrumental
1508,Pop
1509,Rock
1510,Instrumental
1511,Instrumental
1512,Rock
1513,International
1514,Electronic
1515,Experimental
1516,Electronic
1517,Folk
1518,International
1519,Electronic
1520,Pop
1521,Hip-Hop
1522,Instrumental
1523,Hip-Hop
1524,International
1525,Electronic
1526,Folk
1527,Electronic
1528,Experimental
1529,Pop
1530,Pop
1531,Folk
1532,Experimental
1533,Electronic
1534,Electronic
1535,Electronic
1536,Instrumental
1537,Electronic
1538,Pop
1539,Pop
1540,Hip-Hop
1541,International
1542,Folk
1543,Instrumental
1544,Electronic
1545,Experimental
1546,Hip-Hop
1547,Hip-Hop
1548,Electronic
1549,Folk
1550,International
1551,Rock
1552,Rock
1553,Hip-Hop
1554,Rock
1555,Electronic
1556,Hip-Hop
1557,Electronic
1558,Hip-Hop
1559,Hip-Hop
1560,Electronic
1561,Folk
1562,Hip-Hop
1563,Pop
1564,Rock
1565,Folk
1566,Experimental
1567,Hip-Hop
1568,Instrumental
1569,Pop
1570,Hip-Hop
1571,Experimental
1572,Folk
1573,Rock
1574,Pop
1575,Instrumental
1576,International
1577,Experimental
1578,Folk
1579,Instrumental
1580,Rock
1581,Pop
1582,Pop
1583,International
1584,International
1585,Rock
1586,Rock
1587,Pop
1588,Rock
1589,Instrumental
1590,Experimental
1591,Hip-Hop
1592,Folk
1593,Instrumental
1594,Hip-Hop
1595,Rock
1596,Experimental
1597,Electronic
1598,Hip-Hop
1599,Hip-Hop
1600,Pop
1601,Instrumental
1602,Pop
1603,Electronic
1604,Rock
1605,International
1606,Hip-Hop
1607,Electronic
1608,Experimental
1609,Hip-Hop
1610,Hip-Hop
1611,Rock
1612,Electronic
1613,Electronic
1614,Folk
1615,Electronic
1616,Rock
1617,Rock
1618,Experimental
1619,Instrumental
1620,International
1621,Hip-Hop
1622,Instrumental
1623,Rock
1624,Rock
1625,Hip-Hop
1626,Experimental
1627,Rock
1628,Rock
1629,Hip-Hop
1630,Pop
1631,Folk
1632,Experimental
1633,Pop
1634,Hip-Hop
1635,Electronic
1636,Experimental
1637,Folk
1638,Hip-Hop
1639,Hip-Hop
1640,International
1641,Experimental
1642,Rock
1643,Hip-Hop
1644,International
1645,Electronic
1646,Hip-Hop
1647,Electronic
1648,Folk
1649,Pop
1650,Rock
1651,Folk
1652,Experimental
1653,Experimental
1654,Rock
1655,Hip-Hop
1656,Instrumental
1657,Instrumental
1658,Folk
1659,Electronic
1660,Rock
1661,Hip-Hop
1662,International
1663,Hip-Hop
1664,Electronic
1665,Instrumental
1666,Folk
1667,Experimental
1668,Experimental
1669,Electronic
1670,Rock
1671,Pop
1672,Instrumental
1673,Electronic
1674,Hip-Hop
1675,Folk
1676,Pop
1677,International
1678,Pop
1679,Hip-Hop
1680,Folk
1681,Electronic
1682,Electronic
1683,Hip-Hop
1684,Instrumental
1685,Rock
1686,Pop
1687,Hip-Hop
1688,Instrumental
1689,Rock
1690,Hip-Hop
1691,Instrumental
1692,Electronic
1693,Rock
1694,Rock
1695,Folk
1696,Instrumental
1697,International
1698,Experimental
1699,Experimental
1700,Experimental
1701,International
1702,International
1703,Instrumental
1704,Electronic
1705,International
1706,Folk
1707,Hip-Hop
1708,Rock
1709,Hip-Hop
1710,Instrumental
1711,International
1712,Hip-Hop
1713,Folk
1714,Electronic
1715,Pop
1716,Electronic
1717,Electronic
1718,Hip-Hop
1719,International
1720,Hip-Hop
1721,Experimental
1722,International
1723,Rock
1724,International
1725,Experimental
1726,Rock
1727,Rock
1728,Experimental
1729,Folk
1730,Pop
1731,International
1732,International
1733,Pop
1734,Hip-Hop
1735,Folk
1736,Rock
1737,Electronic
1738,Folk
1739,Instrumental
1740,Electronic
1741,Hip-Hop
1742,Hip-Hop
1743,Hip-Hop
1744,Hip-Hop
1745,Electronic
1746,Folk
1747,Electronic
1748,Folk
1749,Hip-Hop
1750,Folk
1751,International
1752,Rock
1753,Hip-Hop
1754,Electronic
1755,International
1756,Experimental
1757,International
1758,Electronic
1759,Instrumental
1760,Folk
1761,Folk
1762,Electronic
1763,International
1764,Rock
1765,Pop
1766,International
1767,Instrumental
1768,Rock
1769,Electronic
1770,International
1771,Electronic
1772,Electronic
1773,Pop
1774,Experimental
1775,Electronic
1776,Hip-Hop
1777,Instrumental
1778,Experimental
1779,Electronic
1780,Pop
1781,Experimental
1782,Electronic
1783,Electronic
1784,International
1785,Experimental
1786,Experimental
1787,International
1788,Experimental
1789,Folk
1790,Rock
1791,International
1792,Folk
1793,Experimental
1794,International
1795,Instrumental
1796,Experimental
1797,Experimental
1798,Hip-Hop
1799,Instrumental
1800,Hip-Hop
1801,International
1802,Folk
1803,Hip-Hop
1804,Hip-Hop
1805,Hip-Hop
1806,Folk
1807,International
1808,Pop
1809,Hip-Hop
1810,Pop
1811,Rock
1812,Rock
1813,International
1814,Pop
1815,Folk
1816,Pop
1817,Instrumental
1818,International
1819,Experimental
1820,Pop
1821,Electronic
1822,International
1823,Electronic
1824,Instrumental
1825,Instrumental
1826,Hip-Hop
1827,Rock
1828,Electronic
1829,International
1830,Instrumental
1831,Folk
1832,Instrumental
1833,Rock
1834,International
1835,Hip-Hop
1836,Pop
1837,Folk
1838,Experimental
1839,Electronic
1840,Rock
1841,Hip-Hop
1842,International
1843,Folk
1844,Pop
1845,Folk
1846,Experimental
1847,Rock
1848,Instrumental
1849,Electronic
1850,Folk
1851,Hip-Hop
1852,Folk
1853,Pop
1854,Hip-Hop
1855,Hip-Hop
1856,Pop
1857,Hip-Hop
1858,Rock
1859,International
1860,Pop
1861,Folk
1862,Instrumental
1863,Hip-Hop
1864,Rock
1865,Electronic
1866,Instrumental
1867,Hip-Hop
1868,Instrumental
1869,Electronic
1870,Folk
1871,Instrumental
1872,Folk
1873,Rock
1874,Electronic
1875,Pop
1876,Experimental
1877,Instrumental
1878,International
1879,Instrumental
1880,Hip-Hop
1881,Electronic
1882,Rock
1883,International
1884,Hip-Hop
1885,Experimental
1886,Hip-Hop
1887,Hip-Hop
1888,Instrumental
1889,Pop
1890,Instrumental
1891,Folk
1892,Hip-Hop
1893,Hip-Hop
1894,Folk
1895,Folk
1896,Pop
1897,Pop
1898,Hip-Hop
1899,Pop
1900,Folk
1901,Pop
1902,Electronic
1903,Hip-Hop
1904,Electronic
1905,Instrumental
1906,Experimental
1907,Experimental
1908,Rock
1909,Hip-Hop
1910,Instrumental
1911,Rock
1912,Instrumental
1913,Hip-Hop
1914,Pop
1915,Electronic
1916,Experimental
1917,Rock
1918,Folk
1919,Pop
1920,International
1921,Hip-Hop
1922,International
1923,International
1924,Folk
1925,Pop
1926,Rock
1927,Rock
1928,Instrumental
1929,Folk
1930,Pop
1931,Instrumental
1932,Folk
1933,Electronic
1934,Rock
1935,Experimental
1936,Hip-Hop
1937,Electronic
1938,Rock
1939,Rock
1940,Experimental
1941,Hip-Hop
1942,Folk
1943,Experimental
1944,Pop
1945,Instrumental
1946,Rock
1947,Pop
1948,Hip-Hop
1949,Pop
1950,Folk
1951,Folk
1952,Instrumental
1953,Instrumental
1954,Instrumental
1955,International
1956,Hip-Hop
1957,Pop
1958,Instrumental
1959,Electronic
1960,Hip-Hop
1961,Instrumental
1962,Hip-Hop
1963,International
1964,Experimental
1965,Instrumental
1966,Hip-Hop
1967,Instrumental
1968,Folk
1969,Electronic
1970,International
1971,Experimental
1972,Rock
1973,Hip-Hop
1974,Rock
1975,Experimental
1976,Hip-Hop
1977,Electronic
1978,Instrumental
1979,Pop
1980,Electronic
1981,Hip-Hop
1982,Experimental
1983,Electronic
1984,Electronic
1985,Pop
1986,Instrumental
1987,Hip-Hop
1988,Hip-Hop
1989,Folk
1990,Experimental
1991,Electronic
1992,Electronic
1993,Instrumental
1994,Hip-Hop
1995,International
1996,Experimental
1997,Rock
1998,Instrumental
1999,Experimental
2000,Experimental
2001,Experimental
2002,Pop
2003,Instrumental
2004,Hip-Hop
2005,Pop
2006,Electronic
2007,Hip-Hop
2008,Instrumental
2009,Hip-Hop
2010,Electronic
2011,Experimental
2012,Hip-Hop
2013,International
2014,Pop
2015,Pop
2016,Folk
2017,Pop
2018,Hip-Hop
2019,Pop
2020,Experimental
2021,Experimental
2022,Pop
2023,International
2024,Pop
2025,International
2026,International
2027,Electronic
2028,Pop
2029,International
2030,Experimental
2031,Electronic
2032,Rock
2033,Hip-Hop
2034,Electronic
2035,Pop
2036,Pop
2037,Hip-Hop
2038,Pop
2039,Electronic
2040,Hip-Hop
2041,Hip-Hop
2042,Instrumental
2043,Instrumental
2044,Experimental
2045,Electronic
2046,Electronic
2047,Hip-Hop
2048,Instrumental
2049,Rock
2050,Hip-Hop
2051,Pop
2052,Pop
2053,Pop
2054,Instrumental
2055,International
2056,International
2057,Pop
2058,Experimental
2059,Electronic
2060,Pop
2061,International
2062,Folk
2063,Folk
2064,Instrumental
2065,Experimental
2066,Instrumental
2067,Pop
2068,Rock
2069,International
2070,Pop
2071,Experimental
2072,Rock
2073,Experimental
2074,Rock
2075,International
2076,Rock
2077,Experimental
2078,Instrumental
2079,International
2080,International
2081,Electronic
2082,Hip-Hop
2083,International
2084,Folk
2085,Electronic
2086,Pop
2087,Hip-Hop
2088,Folk
2089,Folk
2090,Pop
2091,Experimental
2092,Experimental
2093,Hip-Hop
2094,Pop
2095,Instrumental
2096,Hip-Hop
2097,Folk
2098,International
2099,International
2100,Hip-Hop
2101,Pop
2102,International
2103,Pop
2104,Rock
2105,Hip-Hop
2106,Hip-Hop
2107,Pop
2108,Rock
2109,Hip-Hop
2110,International
2111,Rock
2112,Experimental
2113,Rock
2114,Electronic
2115,Experimental
2116,Rock
2117,Rock
2118,Instrumental
2119,Hip-Hop
2120,International
2121,International
2122,Folk
2123,Electronic
2124,Folk
2125,Electronic
2126,Experimental
2127,Experimental
2128,Hip-Hop
2129,Folk
2130,Rock
2131,Rock
2132,Electronic
2133,International
2134,Hip-Hop
2135,Folk
2136,Instrumental
2137,Electronic
2138,Pop
2139,International
2140,International
2141,Folk
2142,Rock
2143,Experimental
2144,Folk
2145,Instrumental
2146,Instrumental
2147,Rock
2148,Electronic
2149,Rock
2150,Electronic
2151,Instrumental
2152,Electronic
2153,Pop
2154,International
2155,Pop
2156,Experimental
2157,Instrumental
2158,Instrumental
2159,Instrumental
2160,Electronic
2161,Pop
2162,Folk
2163,Electronic
2164,Electronic
2165,Pop
2166,International
2167,Experimental
2168,Electronic
2169,Folk
2170,Folk
2171,International
2172,Folk
2173,Pop
2174,Rock
2175,Pop
2176,Pop
2177,Electronic
2178,Electronic
2179,Hip-Hop
2180,Rock
2181,Instrumental
2182,Electronic
2183,Experimental
2184,Hip-Hop
2185,Folk
2186,International
2187,Rock
2188,Experimental
2189,Hip-Hop
2190,Experimental
2191,Pop
2192,Instrumental
2193,Hip-Hop
2194,Experimental
2195,Experimental
2196,Electronic
2197,Pop
2198,Rock
2199,Pop
2200,Experimental
2201,Experimental
2202,Folk
2203,International
2204,Experimental
2205,Folk
2206,International
2207,Electronic
2208,International
2209,Folk
2210,Hip-Hop
2211,Instrumental
2212,Rock
2213,Folk
2214,Instrumental
2215,International
2216,International
2217,Rock
2218,Instrumental
2219,Pop
2220,Folk
2221,Folk
2222,Folk
2223,Pop
2224,Rock
2225,International
2226,Electronic
2227,Hip-Hop
2228,Instrumental
2229,Instrumental
2230,Instrumental
2231,Electronic
2232,Rock
2233,International
2234,Electronic
2235,Pop
2236,International
2237,Electronic
2238,Folk
2239,International
2240,Hip-Hop
2241,Rock
2242,Pop
2243,Hip-Hop
2244,Instrumental
2245,Folk
2246,Pop
2247,Electronic
2248,International
2249,Experimental
2250,Experimental
2251,Rock
2252,Pop
2253,Electronic
2254,Experimental
2255,International
2256,Folk
2257,Hip-Hop
2258,Hip-Hop
2259,Hip-Hop
2260,International
2261,Experimental
2262,Experimental
2263,International
2264,Pop
2265,Folk
2266,Instrumental
2267,Instrumental
2268,Hip-Hop
2269,Experimental
2270,Rock
2271,Instrumental
2272,Instrumental
2273,Hip-Hop
2274,Experimental
2275,Experimental
2276,Electronic
2277,Folk
2278,Instrumental
2279,Experimental
2280,Experimental
2281,Electronic
2282,International
2283,Folk
2284,International
2285,Folk
2286,Pop
2287,Pop
2288,Electronic
2289,Folk
2290,Rock
2291,Folk
2292,Hip-Hop
2293,Rock
2294,Hip-Hop
2295,Instrumental
2296,Experimental
2297,International
2298,International
2299,Instrumental
2300,Instrumental
2301,Pop
2302,Folk
2303,Rock
2304,Instrumental
2305,Pop
2306,Hip-Hop
2307,Electronic
2308,Instrumental
2309,Folk
2310,Folk
2311,Instrumental
2312,Electronic
2313,Pop
2314,Electronic
2315,Folk
2316,Hip-Hop
2317,Instrumental
2318,Experimental
2319,International
2320,Instrumental
2321,Instrumental
2322,Folk
2323,Electronic
2324,Instrumental
2325,Electronic
2326,Rock
2327,Hip-Hop
2328,Experimental
2329,International
2330,International
2331,Pop
2332,Pop
2333,Rock
2334,Electronic
2335,International
2336,Instrumental
2337,Folk
2338,Folk
2339,Pop
2340,Electronic
2341,Hip-Hop
2342,Folk
2343,Pop
2344,Pop
2345,Hip-Hop
2346,Rock
2347,Hip-Hop
2348,Folk
2349,Electronic
2350,Rock
2351,Hip-Hop
2352,Instrumental
2353,Hip-Hop
2354,Rock
2355,International
2356,Instrumental
2357,Folk
2358,Hip-Hop
2359,Rock
2360,Pop
2361,Rock
2362,Electronic
2363,Rock
2364,Rock
2365,Folk
2366,Folk
2367,Electronic
2368,Hip-Hop
2369,Hip-Hop
2370,Experimental
2371,Rock
2372,Experimental
2373,Experimental
2374,Electronic
2375,Hip-Hop
2376,Hip-Hop
2377,Folk
2378,Instrumental
2379,Electronic
2380,Electronic
2381,Folk
2382,International
2383,Hip-Hop
2384,Rock
2385,Instrumental
2386,Experimental
2387,Experimental
2388,Pop
2389,Hip-Hop
2390,Experimental
2391,Hip-Hop
2392,International
2393,Hip-Hop
2394,Experimental
2395,Hip-Hop
2396,Experimental
2397,Folk
2398,Experimental
2399,Hip-Hop
2400,International
2401,Folk
2402,International
2403,Experimental
2404,Folk
2405,Pop
2406,Hip-Hop
2407,Pop
2408,Folk
2409,Experimental
2410,Experimental
2411,Hip-Hop
2412,Pop
2413,Rock
2414,Instrumental
2415,International
2416,Instrumental
2417,Instrumental
2418,Rock
2419,Rock
2420,Folk
2421,Electronic
2422,Rock
2423,Rock
2424,Electronic
2425,Experimental
2426,Folk
2427,Instrumental
2428,Electronic
2429,Folk
2430,Experimental
2431,International
2432,International
2433,Hip-Hop
2434,Hip-Hop
2435,Experimental
2436,Folk
2437,Experimental
2438,Rock
2439,Electronic
2440,Electronic
2441,International
2442,Hip-Hop
2443,Instrumental
2444,International
2445,Pop
2446,Instrumental
2447,Folk
2448,Instrumental
2449,Electronic
2450,Folk
2451,Electronic
2452,Hip-Hop
2453,Pop
2454,Rock
2455,Pop
2456,Electronic
2457,Pop
2458,Experimental
2459,Pop
2460,Instrumental
2461,Rock
2462,Folk
2463,Instrumental
2464,Experimental
2465,Experimental
2466,Instrumental
2467,Instrumental
2468,Folk
2469,International
2470,Hip-Hop
2471,Electronic
2472,Electronic
2473,Rock
2474,Pop
2475,Pop
2476,Pop
2477,Hip-Hop
2478,Electronic
2479,Folk
2480,Rock
2481,Instrumental
2482,Experimental
2483,Hip-Hop
2484,Instrumental
2485,Hip-Hop
2486,International
2487,Rock
2488,Pop
2489,Hip-Hop
2490,Electronic
2491,Instrumental
2492,Folk
2493,Hip-Hop
2494,Instrumental
2495,Experimental
2496,Experimental
2497,Pop
2498,Electronic
2499,Instrumental
2500,Rock
2501,Experimental
2502,Experimental
2503,Electronic
2504,Electronic
2505,Experimental
2506,Electronic
2507,Hip-Hop
2508,Rock
2509,International
2510,Instrumental
2511,Folk
2512,Rock
2513,Rock
2514,Experimental
2515,Experimental
2516,Instrumental
2517,Pop
2518,Pop
2519,Instrumental
2520,Instrumental
2521,Electronic
2522,Rock
2523,Rock
2524,Electronic
2525,Experimental
2526,Instrumental
2527,Pop
2528,International
2529,Rock
2530,Rock
2531,Hip-Hop
2532,International
2533,Instrumental
2534,Folk
2535,International
2536,Electronic
2537,Experimental
2538,Hip-Hop
2539,Rock
2540,International
2541,Rock
2542,Hip-Hop
2543,Pop
2544,Electronic
2545,Electronic
2546,Folk
2547,Hip-Hop
2548,Instrumental
2549,Instrumental
2550,Folk
2551,Electronic
2552,Rock
2553,Experimental
2554,Pop
2555,Folk
2556,Rock
2557,Instrumental
2558,Instrumental
2559,Experimental
2560,Pop
2561,Instrumental
2562,Rock
2563,Hip-Hop
2564,Instrumental
2565,Instrumental
2566,Folk
2567,Rock
2568,Hip-Hop
2569,Hip-Hop
2570,Experimental
2571,Rock
2572,Instrumental
2573,Instrumental
2574,Rock
2575,Hip-Hop
2576,Pop
2577,Electronic
2578,Experimental
2579,Folk
2580,Hip-Hop
2581,Experimental
2582,Electronic
2583,Folk
2584,Pop
2585,Electronic
2586,Rock
2587,Folk
2588,Folk
2589,International
2590,Hip-Hop
2591,International
2592,Hip-Hop
2593,International
2594,International
2595,Folk
2596,Electronic
2597,Rock
2598,Hip-Hop
2599,Pop
2600,Pop
2601,International
2602,Experimental
2603,Instrumental
2604,International
2605,Pop
2606,Electronic
2607,Folk
2608,International
2609,Experimental
2610,International
2611,Folk
2612,Folk
2613,Rock
2614,Folk
2615,Hip-Hop
2616,Instrumental
2617,International
2618,Instrumental
2619,Folk
2620,Electronic
2621,Hip-Hop
2622,Instrumental
2623,Pop
2624,Pop
2625,Pop
2626,Instrumental
2627,International
2628,International
2629,Experimental
2630,Folk
2631,Pop
2632,Rock
2633,Experimental
2634,Hip-Hop
2635,International
2636,Pop
2637,Rock
2638,Folk
2639,Pop
2640,Folk
2641,Experimental
2642,Electronic
2643,Electronic
2644,Rock
2645,Instrumental
2646,Instrumental
2647,Pop
2648,Hip-Hop
2649,Electronic
2650,Rock
2651,International
2652,Hip-Hop
2653,Folk
2654,International
2655,Experimental
2656,Instrumental
2657,International
2658,Experimental
2659,Electronic
2660,Instrumental
2661,Instrumental
2662,Electronic
2663,International
2664,International
2665,Rock
2666,Electronic
2667,Instrumental
2668,Rock
2669,International
2670,Instrumental
2671,Experimental
2672,International
2673,Folk
2674,Pop
2675,Folk
2676,Rock
2677,Folk
2678,Pop
2679,Instrumental
2680,International
2681,Pop
2682,Rock
2683,Electronic
2684,Electronic
2685,Folk
2686,Pop
2687,Electronic
2688,Folk
2689,Instrumental
2690,Folk
2691,Pop
2692,Hip-Hop
2693,Rock
2694,Pop
2695,Instrumental
2696,International
2697,Hip-Hop
2698,Folk
2699,Instrumental
2700,Folk
2701,Experimental
2702,International
2703,Experimental
2704,Pop
2705,Rock
2706,Electronic
2707,Hip-Hop
2708,Folk
2709,Experimental
2710,Pop
2711,Experimental
2712,Folk
2713,Electronic
2714,Electronic
2715,Pop
2716,Pop
2717,Pop
2718,Electronic
2719,Instrumental
2720,Folk
2721,Pop
2722,Folk
2723,Rock
2724,Hip-Hop
2725,Instrumental
2726,Experimental
2727,Electronic
2728,Pop
2729,Instrumental
2730,Rock
2731,Pop
2732,Pop
2733,Rock
2734,International
2735,Rock
2736,Instrumental
2737,Hip-Hop
2738,Electronic
2739,Instrumental
2740,Instrumental
2741,Hip-Hop
2742,International
2743,Rock
2744,Hip-Hop
2745,Instrumental
2746,Electronic
2747,Pop
2748,Hip-Hop
2749,Hip-Hop
2750,Rock
2751,International
2752,Pop
2753,Folk
2754,Instrumental
2755,Pop
2756,Experimental
2757,Folk
2758,Pop
2759,Electronic
2760,Pop
2761,Experimental
2762,Hip-Hop
2763,International
2764,Experimental
2765,Electronic
2766,Experimental
2767,Instrumental
2768,Hip-Hop
2769,International
2770,Rock
2771,Rock
2772,Instrumental
2773,Experimental
2774,Instrumental
2775,Electronic
2776,Rock
2777,Pop
2778,Hip-Hop
2779,International
2780,Experimental
2781,Electronic
2782,Folk
2783,International
2784,International
2785,Experimental
2786,Folk
2787,International
2788,Experimental
2789,Instrumental
2790,Hip-Hop
2791,Folk
2792,Rock
2793,International
2794,Pop
2795,Rock
2796,Electronic
2797,Pop
2798,Folk
2799,Folk
2800,Hip-Hop
2801,International
2802,Electronic
2803,Pop
2804,Rock
2805,Instrumental
2806,Experimental
2807,Pop
2808,Pop
2809,International
2810,Folk
2811,Folk
2812,Instrumental
2813,Rock
2814,Electronic
2815,International
2816,Rock
2817,Experimental
2818,Instrumental
2819,Pop
2820,Experimental
2821,Folk
2822,Folk
2823,Instrumental
2824,Rock
2825,International
2826,Electronic
2827,Folk
2828,Instrumental
2829,Folk
2830,International
2831,Electronic
2832,Experimental
2833,Instrumental
2834,Experimental
2835,Pop
2836,International
2837,Hip-Hop
2838,Hip-Hop
2839,International
2840,Folk
2841,Hip-Hop
2842,Experimental
2843,Electronic
2844,Experimental
2845,Electronic
2846,Rock
2847,Instrumental
2848,Folk
2849,International
2850,Instrumental
2851,Rock
2852,Experimental
2853,Instrumental
2854,Pop
2855,Folk
2856,Experimental
2857,Instrumental
2858,Folk
2859,Instrumental
2860,Folk
2861,Electronic
2862,Folk
2863,Instrumental
2864,Pop
2865,Instrumental
2866,Electronic
2867,Instrumental
2868,Electronic
2869,Instrumental
2870,Instrumental
2871,Hip-Hop
2872,International
2873,Folk
2874,Experimental
2875,Experimental
2876,Folk
2877,International
2878,Instrumental
2879,Electronic
2880,Rock
2881,Folk
2882,Instrumental
2883,Experimental
2884,Rock
2885,Instrumental
2886,Instrumental
2887,Electronic
2888,Folk
2889,Electronic
2890,Electronic
2891,Instrumental
2892,Rock
2893,Instrumental
2894,Hip-Hop
2895,Hip-Hop
2896,Pop
2897,Pop
2898,Folk
2899,International
2900,Electronic
2901,Hip-Hop
2902,Folk
2903,Rock
2904,Folk
2905,Pop
2906,Experimental
2907,Experimental
2908,Electronic
2909,Folk
2910,Experimental
2911,Hip-Hop
2912,Rock
2913,Electronic
2914,Instrumental
2915,Hip-Hop
2916,Instrumental
2917,Pop
2918,Hip-Hop
2919,Instrumental
2920,Hip-Hop
2921,Experimental
2922,Pop
2923,Experimental
2924,Experimental
2925,Pop
2926,International
2927,Folk
2928,Folk
2929,Rock
2930,Instrumental
2931,Instrumental
2932,International
2933,Experimental
2934,Instrumental
2935,Hip-Hop
2936,International
2937,Folk
2938,International
2939,Electronic
2940,Instrumental
2941,Hip-Hop
2942,Pop
2943,Pop
2944,International
2945,Experimental
2946,Electronic
2947,Rock
2948,Hip-Hop
2949,International
2950,Pop
2951,Folk
2952,Instrumental
2953,Pop
2954,Rock
2955,Experimental
2956,Experimental
2957,Electronic
2958,International
2959,Instrumental
2960,Electronic
2961,Electronic
2962,International
2963,Rock
2964,Hip-Hop
2965,Experimental
2966,International
2967,Instrumental
2968,Hip-Hop
2969,Instrumental
2970,Instrumental
2971,Pop
2972,Experimental
2973,Instrumental
2974,Instrumental
2975,Rock
2976,Rock
2977,Experimental
2978,Hip-Hop
2979,Hip-Hop
2980,Pop
2981,Electronic
2982,Electronic
2983,Experimental
2984,Instrumental
2985,Electronic
2986,Folk
2987,Folk
2988,Experimental
2989,Folk
2990,Experimental
2991,International
2992,Electronic
2993,Pop
2994,Folk
2995,Instrumental
2996,International
2997,International
2998,Pop
2999,International
3000,Rock
3001,Pop
3002,Rock
3003,International
3004,Folk
3005,Pop
3006,Pop
3007,Folk
3008,Instrumental
3009,Rock
3010,Electronic
3011,Experimental
3012,Electronic
3013,Experimental
3014,Pop
3015,International
3016,Instrumental
3017,International
3018,Rock
3019,Experimental
3020,Pop
3021,Folk
3022,Rock
3023,International
3024,International
3025,Hip-Hop
3026,Pop
3027,Hip-Hop
3028,Rock
3029,Electronic
3030,Folk
3031,International
3032,Electronic
3033,Hip-Hop
3034,Pop
3035,Folk
3036,Pop
3037,Experimental
3038,Rock
3039,Instrumental
3040,Folk
3041,Pop
3042,Rock
3043,Hip-Hop
3044,Electronic
3045,Experimental
3046,Hip-Hop
3047,Hip-Hop
3048,Experimental
3049,Experimental
3050,Experimental
3051,Pop
3052,Pop
3053,Instrumental
3054,Instrumental
3055,Instrumental
3056,Electronic
3057,International
3058,Rock
3059,Experimental
3060,Pop
3061,Hip-Hop
3062,Instrumental
3063,International
3064,International
3065,Experimental
3066,International
3067,Folk
3068,Folk
3069,Electronic
3070,Folk
3071,Folk
3072,Experimental
3073,Electronic
3074,Rock
3075,Instrumental
3076,Folk
3077,Folk
3078,Pop
3079,Electronic
3080,Hip-Hop
3081,Pop
3082,Instrumental
3083,Hip-Hop
3084,Pop
3085,Experimental
3086,International
3087,Instrumental
3088,International
3089,Rock
3090,International
3091,Electronic
3092,Folk
3093,Pop
3094,Hip-Hop
3095,Pop
3096,Rock
3097,Folk
3098,International
3099,Experimental
3100,Folk
3101,Electronic
3102,Instrumental
3103,Pop
3104,Instrumental
3105,Electronic
3106,Pop
3107,Hip-Hop
3108,Hip-Hop
3109,Hip-Hop
3110,Instrumental
3111,Electronic
3112,Pop
3113,Pop
3114,Rock
3115,Pop
3116,International
3117,Experimental
3118,Folk
3119,Folk
3120,Experimental
3121,International
3122,Electronic
3123,Rock
3124,Folk
3125,Pop
3126,Hip-Hop
3127,International
3128,Electronic
3129,Instrumental
3130,International
3131,International
3132,Folk
3133,Instrumental
3134,International
3135,Hip-Hop
3136,Electronic
3137,Instrumental
3138,Electronic
3139,Instrumental
3140,Instrumental
3141,Folk
3142,Electronic
3143,International
3144,Hip-Hop
3145,Rock
3146,Rock
3147,Rock
3148,Experimental
3149,Electronic
3150,Folk
3151,Pop
3152,Electronic
3153,Electronic
3154,Pop
3155,International
3156,Folk
3157,Folk
3158,Rock
3159,International
3160,Experimental
3161,Experimental
3162,Experimental
3163,Rock
3164,Instrumental
3165,Instrumental
3166,Rock
3167,Experimental
3168,Electronic
3169,International
3170,International
3171,Rock
3172,Electronic
3173,Rock
3174,International
3175,International
3176,Rock
3177,Instrumental
3178,Electronic
3179,Folk
3180,Hip-Hop
3181,Pop
3182,Hip-Hop
3183,Rock
3184,Rock
3185,Pop
3186,Instrumental
3187,Pop
3188,Folk
3189,Experimental
3190,Folk
3191,International
3192,Folk
3193,International
3194,Folk
3195,Instrumental
3196,Hip-Hop
3197,Experimental
3198,Experimental
3199,Instrumental
3200,Instrumental
3201,Electronic
3202,Instrumental
3203,Experimental
3204,Hip-Hop
3205,Folk
3206,Folk
3207,International
3208,Pop
3209,Experimental
3210,Instrumental
3211,Instrumental
3212,Experimental
3213,Hip-Hop
3214,Rock
3215,Pop
3216,Rock
3217,Pop
3218,Rock
3219,Experimental
3220,Folk
3221,Pop
3222,Pop
3223,Instrumental
3224,Hip-Hop
3225,International
3226,Electronic
3227,Experimental
3228,Instrumental
3229,Hip-Hop
3230,Pop
3231,Electronic
3232,Experimental
3233,Rock
3234,International
3235,Experimental
3236,Hip-Hop
3237,Electronic
3238,Rock
3239,Pop
3240,International
3241,Electronic
3242,Experimental
3243,Pop
3244,Hip-Hop
3245,Electronic
3246,International
3247,Rock
3248,Rock
3249,Electronic
3250,Folk
3251,International
3252,Pop
3253,Hip-Hop
3254,Pop
3255,Instrumental
3256,Instrumental
3257,Instrumental
3258,Folk
3259,Electronic
3260,Experimental
3261,Hip-Hop
3262,Instrumental
3263,Hip-Hop
3264,Experimental
3265,International
3266,Instrumental
3267,Rock
3268,Hip-Hop
3269,Electronic
3270,Pop
3271,Rock
3272,Instrumental
3273,Experimental
3274,Experimental
3275,International
3276,Pop
3277,Hip-Hop
3278,Experimental
3279,Instrumental
3280,Folk
3281,Folk
3282,Electronic
3283,Experimental
3284,Electronic
3285,Pop
3286,International
3287,Electronic
3288,Pop
3289,Rock
3290,Rock
3291,Instrumental
3292,Experimental
3293,Rock
3294,Rock
3295,Pop
3296,Instrumental
3297,Experimental
3298,Pop
3299,Rock
3300,Experimental
3301,Hip-Hop
3302,Folk
3303,Rock
3304,Rock
3305,International
3306,Pop
3307,Instrumental
3308,Hip-Hop
3309,Electronic
3310,Folk
3311,Rock
3312,International
3313,Electronic
3314,Instrumental
3315,International
3316,Rock
3317,Hip-Hop
3318,Folk
3319,Folk
3320,Rock
3321,Hip-Hop
3322,Electronic
3323,Hip-Hop
3324,Pop
3325,International
3326,Instrumental
3327,Folk
3328,Pop
3329,Electronic
3330,Experimental
3331,International
3332,Electronic
3333,Folk
3334,Experimental
3335,Hip-Hop
3336,Electronic
3337,Pop
3338,Folk
3339,International
3340,Electronic
3341,Rock
3342,Instrumental
3343,Experimental
3344,Rock
3345,Pop
3346,Electronic
3347,Instrumental
3348,Pop
3349,Pop
3350,Rock
3351,Pop
3352,Rock
3353,Folk
3354,Hip-Hop
3355,Experimental
3356,Electronic
3357,International
3358,Electronic
3359,Instrumental
3360,Hip-Hop
3361,Folk
3362,Electronic
3363,Pop
3364,Pop
3365,Experimental
3366,Instrumental
3367,Instrumental
3368,International
3369,Electronic
3370,Pop
3371,Rock
3372,Instrumental
3373,Folk
3374,Experimental
3375,Instrumental
3376,Instrumental
3377,Experimental
3378,Hip-Hop
3379,Rock
3380,Electronic
3381,Rock
3382,Electronic
3383,Electronic
3384,Rock
3385,Rock
3386,Pop
3387,Folk
3388,Folk
3389,Electronic
3390,Instrumental
3391,Pop
3392,Folk
3393,Hip-Hop
3394,Rock
3395,Experimental
3396,Hip-Hop
3397,International
3398,International
3399,Hip-Hop
3400,Electronic
3401,Instrumental
3402,Electronic
3403,Pop
3404,Experimental
3405,Electronic
3406,Folk
3407,Hip-Hop
3408,Instrumental
3409,Electronic
3410,Pop
3411,Electronic
3412,Hip-Hop
3413,International
3414,Electronic
3415,Electronic
3416,Experimental
3417,Instrumental
3418,International
3419,Instrumental
3420,Folk
3421,Folk
3422,Instrumental
3423,Electronic
3424,Hip-Hop
3425,Experimental
3426,International
3427,Instrumental
3428,Experimental
3429,Electronic
3430,Folk
3431,Experimental
3432,Hip-Hop
3433,Pop
3434,Instrumental
3435,Electronic
3436,Hip-Hop
3437,Experimental
3438,Hip-Hop
3439,Folk
3440,International
3441,Folk
3442,Instrumental
3443,Experimental
3444,Folk
3445,Pop
3446,International
3447,Pop
3448,Rock
3449,Pop
3450,Experimental
3451,Instrumental
3452,Electronic
3453,International
3454,Folk
3455,Electronic
3456,Experimental
3457,Electronic
3458,Experimental
3459,Experimental
3460,Electronic
3461,Instrumental
3462,Rock
3463,Electronic
3464,Hip-Hop
3465,Folk
3466,Pop
3467,Instrumental
3468,Folk
3469,Pop
3470,Instrumental
3471,Hip-Hop
3472,Instrumental
3473,Experimental
3474,Folk
3475,International
3476,Instrumental
3477,Hip-Hop
3478,Folk
3479,Rock
3480,Experimental
3481,Experimental
3482,Rock
3483,Electronic
3484,Hip-Hop
3485,Experimental
3486,Hip-Hop
3487,Hip-Hop
3488,Folk
3489,Folk
3490,Electronic
3491,Pop
3492,Folk
3493,Instrumental
3494,Electronic
3495,Experimental
3496,Pop
3497,Folk
3498,Instrumental
3499,Folk
3500,Experimental
3501,Instrumental
3502,Hip-Hop
3503,Rock
3504,Pop
3505,Hip-Hop
3506,Hip-Hop
3507,Hip-Hop
3508,Hip-Hop
3509,Rock
3510,International
3511,Electronic
3512,Electronic
3513,Hip-Hop
3514,Instrumental
3515,Folk
3516,Rock
3517,International
3518,Electronic
3519,International
3520,International
3521,Instrumental
3522,Folk
3523,Folk
3524,International
3525,Folk
3526,Experimental
3527,Experimental
3528,Experimental
3529,Instrumental
3530,International
3531,Folk
3532,International
3533,Pop
3534,Rock
3535,Pop
3536,Electronic
3537,Experimental
3538,International
3539,Folk
3540,Experimental
3541,Experimental
3542,Folk
3543,Folk
3544,International
3545,Experimental
3546,Experimental
3547,Instrumental
3548,Experimental
3549,Folk
3550,Folk
3551,Pop
3552,Folk
3553,Rock
3554,International
3555,Electronic
3556,Instrumental
3557,Rock
3558,Folk
3559,Pop
3560,Pop
3561,Electronic
3562,Rock
3563,Rock
3564,Hip-Hop
3565,Pop
3566,International
3567,Experimental
3568,Electronic
3569,Instrumental
3570,International
3571,Rock
3572,Rock
3573,Folk
3574,Folk
3575,Instrumental
3576,Hip-Hop
3577,Pop
3578,Folk
3579,Instrumental
3580,Instrumental
3581,Hip-Hop
3582,International
3583,Instrumental
3584,Pop
3585,Experimental
3586,Rock
3587,International
3588,International
3589,Electronic
3590,Experimental
3591,Instrumental
3592,Rock
3593,Pop
3594,Rock
3595,Hip-Hop
3596,International
3597,Experimental
3598,Instrumental
3599,Folk
3600,Folk
3601,Hip-Hop
3602,Rock
3603,Folk
3604,Hip-Hop
3605,International
3606,Rock
3607,Hip-Hop
3608,Instrumental
3609,Experimental
3610,Instrumental
3611,Rock
3612,Pop
3613,Experimental
3614,Folk
3615,Folk
3616,Pop
3617,Electronic
3618,Pop
3619,International
3620,Electronic
3621,Instrumental
3622,International
3623,Hip-Hop
3624,Instrumental
3625,International
3626,Pop
3627,Rock
3628,Experimental
3629,Rock
3630,Electronic
3631,Electronic
3632,Folk
3633,Instrumental
3634,Experimental
3635,Hip-Hop
3636,Instrumental
3637,International
3638,Rock
3639,International
3640,Pop
3641,Experimental
3642,Instrumental
3643,Electronic
3644,Electronic
3645,Pop
3646,Experimental
3647,Hip-Hop
3648,Electronic
3649,International
3650,International
3651,International
3652,International
3653,International
3654,Electronic
3655,Pop
3656,Instrumental
3657,Pop
3658,Hip-Hop
3659,Instrumental
3660,International
3661,Rock
3662,International
3663,Folk
3664,Experimental
3665,Folk
3666,International
3667,Experimental
3668,Experimental
3669,Electronic
3670,Rock
3671,International
3672,Folk
3673,Experimental
3674,Electronic
3675,Electronic
3676,Folk
3677,Pop
3678,Rock
3679,Hip-Hop
3680,International
3681,Folk
3682,Experimental
3683,Folk
3684,Hip-Hop
3685,Instrumental
3686,Experimental
3687,Hip-Hop
3688,Rock
3689,Folk
3690,Instrumental
3691,Experimental
3692,Rock
3693,Folk
3694,International
3695,Rock
3696,Rock
3697,Electronic
3698,Experimental
3699,Folk
3700,Electronic
3701,Pop
3702,Folk
3703,Rock
3704,Folk
3705,Electronic
3706,Folk
3707,International
3708,Electronic
3709,Experimental
3710,Experimental
3711,Rock
3712,Electronic
3713,Hip-Hop
3714,Rock
3715,Folk
3716,Electronic
3717,Instrumental
3718,Pop
3719,Hip-Hop
3720,Experimental
3721,Electronic
3722,Electronic
3723,International
3724,Instrumental
3725,Folk
3726,Pop
3727,Electronic
3728,Hip-Hop
3729,Experimental
3730,Instrumental
3731,Folk
3732,Pop
3733,Hip-Hop
3734,Pop
3735,Hip-Hop
3736,Folk
3737,Electronic
3738,Experimental
3739,Pop
3740,Experimental
3741,Pop
3742,Hip-Hop
3743,Pop
3744,Folk
3745,Pop
3746,Rock
3747,International
3748,Folk
3749,Experimental
3750,Instrumental
3751,Instrumental
3752,Experimental
3753,Experimental
3754,Pop
3755,Instrumental
3756,Electronic
3757,International
3758,Hip-Hop
3759,Instrumental
3760,Pop
3761,Experimental
3762,Electronic
3763,Experimental
3764,Experimental
3765,International
3766,Folk
3767,International
3768,Pop
3769,Rock
3770,Experimental
3771,Electronic
3772,Experimental
3773,Experimental
3774,Folk
3775,Rock
3776,Experimental
3777,International
3778,Hip-Hop
3779,Folk
3780,Electronic
3781,Instrumental
3782,Hip-Hop
3783,Electronic
3784,Instrumental
3785,Instrumental
3786,Pop
3787,Rock
3788,Folk
3789,Hip-Hop
3790,International
3791,Instrumental
3792,Folk
3793,Pop
3794,Pop
3795,Rock
3796,Hip-Hop
3797,Pop
3798,International
3799,Hip-Hop
3800,Instrumental
3801,Pop
3802,Instrumental
3803,International
3804,Electronic
3805,Hip-Hop
3806,Experimental
3807,Electronic
3808,International
3809,Instrumental
3810,Experimental
3811,International
3812,Pop
3813,International
3814,Instrumental
3815,Folk
3816,Folk
3817,Hip-Hop
3818,Experimental
3819,Rock
3820,Folk
3821,Folk
3822,Folk
3823,Hip-Hop
3824,Hip-Hop
3825,Hip-Hop
3826,Electronic
3827,Folk
3828,Rock
3829,Folk
3830,Electronic
3831,Electronic
3832,Folk
3833,International
3834,Pop
3835,Hip-Hop
3836,Rock
3837,Rock
3838,Experimental
3839,Pop
3840,Experimental
3841,Hip-Hop
3842,Electronic
3843,Pop
3844,Instrumental
3845,Rock
3846,Instrumental
3847,Pop
3848,Folk
3849,Folk
3850,Instrumental
3851,Pop
3852,Instrumental
3853,Folk
3854,Electronic
3855,International
3856,International
3857,Rock
3858,Instrumental
3859,Hip-Hop
3860,Instrumental
3861,Rock
3862,Hip-Hop
3863,Electronic
3864,Experimental
3865,Folk
3866,International
3867,Folk
3868,Hip-Hop
3869,Electronic
3870,Instrumental
3871,Pop
3872,International
3873,Pop
3874,Experimental
3875,Experimental
3876,Pop
3877,Experimental
3878,International
3879,Pop
3880,Pop
3881,International
3882,Electronic
3883,Folk
3884,Folk
3885,Electronic
3886,Hip-Hop
3887,Hip-Hop
3888,Experimental
3889,Electronic
3890,Experimental
3891,International
3892,International
3893,Electronic
3894,Hip-Hop
3895,Pop
3896,Rock
3897,Rock
3898,Experimental
3899,Instrumental
3900,Hip-Hop
3901,Hip-Hop
3902,Instrumental
3903,Instrumental
3904,Hip-Hop
3905,Experimental
3906,Hip-Hop
3907,Experimental
3908,Experimental
3909,Hip-Hop
3910,Instrumental
3911,Rock
3912,Experimental
3913,Electronic
3914,Folk
3915,Hip-Hop
3916,Experimental
3917,International
3918,International
3919,Hip-Hop
3920,Folk
3921,International
3922,Hip-Hop
3923,International
3924,Pop
3925,Pop
3926,Folk
3927,Instrumental
3928,Folk
3929,Hip-Hop
3930,Experimental
3931,Hip-Hop
3932,Rock
3933,Electronic
3934,Experimental
3935,Electronic
3936,Instrumental
3937,Rock
3938,Pop
3939,Instrumental
3940,Rock
3941,Experimental
3942,Hip-Hop
3943,Rock
3944,Instrumental
3945,Rock
3946,Folk
3947,Pop
3948,Pop
3949,Experimental
3950,Electronic
3951,Rock
3952,Instrumental
3953,Hip-Hop
3954,Electronic
3955,Electronic
3956,Folk
3957,Experimental
3958,International
3959,Rock
3960,Pop
3961,Experimental
3962,Experimental
3963,Rock
3964,Experimental
3965,Folk
3966,International
3967,Pop
3968,Electronic
3969,Electronic
3970,Instrumental
3971,Pop
3972,Electronic
3973,Experimental
3974,International
3975,Hip-Hop
3976,Hip-Hop
3977,International
3978,Instrumental
3979,Instrumental
3980,Rock
3981,Hip-Hop
3982,Experimental
3983,Pop
3984,International
3985,Pop
3986,Pop
3987,Rock
3988,Pop
3989,Instrumental
3990,International
3991,Folk
3992,Experimental
3993,Electronic
3994,International
3995,Folk
3996,Rock
3997,Electronic
3998,Instrumental
3999,International
4000,Instrumental
4001,Electronic
4002,Experimental
4003,Rock
4004,International
4005,Experimental
4006,Folk
4007,Experimental
4008,Rock
4009,Rock
4010,Pop
4011,Instrumental
4012,Instrumental
4013,Pop
4014,Instrumental
4015,Instrumental
4016,Instrumental
4017,Folk
4018,International
4019,Pop
4020,Rock
4021,Pop
4022,Folk
4023,Rock
4024,Instrumental
4025,Hip-Hop
4026,Instrumental
4027,Folk
4028,International
4029,Pop
4030,Electronic
4031,Instrumental
4032,Pop
4033,Hip-Hop
4034,Hip-Hop
4035,Rock
4036,Rock
4037,Experimental
4038,Rock
4039,Electronic
4040,Experimental
4041,International
4042,International
4043,Experimental
4044,International
4045,Rock
4046,Electronic
4047,International
4048,International
4049,Pop
4050,Rock
4051,Pop
4052,Pop
4053,Pop
4054,Electronic
4055,Rock
4056,Instrumental
4057,Instrumental
4058,Electronic
4059,Experimental
4060,Electronic
4061,Hip-Hop
4062,Electronic
4063,Experimental
4064,Rock
4065,Instrumental
4066,Electronic
4067,Pop
4068,International
4069,Folk
4070,International
4071,Experimental
4072,Rock
4073,Instrumental
4074,Pop
4075,Experimental
4076,Pop
4077,Folk
4078,Electronic
4079,Folk
4080,Hip-Hop
4081,Hip-Hop
4082,Pop
4083,Instrumental
4084,Rock
4085,Folk
4086,Instrumental
4087,Experimental
4088,Rock
4089,Rock
4090,Hip-Hop
4091,Rock
4092,Experimental
4093,International
4094,Electronic
4095,International
4096,Hip-Hop
4097,Instrumental
4098,International
4099,Pop
4100,Pop
4101,Folk
4102,Hip-Hop
4103,Hip-Hop
4104,Pop
4105,Hip-Hop
4106,Rock
4107,Pop
4108,Pop
4109,Pop
4110,Hip-Hop
4111,Folk
4112,Folk
4113,Experimental
4114,Instrumental
4115,Hip-Hop
4116,Experimental
4117,Rock
4118,Pop
4119,Rock
4120,Folk
4121,Rock
4122,Rock
4123,Experimental
4124,Pop
4125,Instrumental
4126,International
4127,Hip-Hop
4128,Pop
4129,Experimental
4130,Folk
4131,Pop
4132,Hip-Hop
4133,Electronic
4134,Experimental
4135,Experimental
4136,International
4137,Electronic
4138,Hip-Hop
4139,Electronic
4140,Experimental
4141,Rock
4142,Folk
4143,Hip-Hop
4144,Electronic
4145,International
4146,Rock
4147,Electronic
4148,Folk
4149,Rock
4150,Pop
4151,Folk
4152,Rock
4153,Rock
4154,International
4155,International
4156,Folk
4157,Hip-Hop
4158,Instrumental
4159,Folk
4160,Rock
4161,Rock
4162,Folk
4163,International
4164,Rock
4165,Electronic
4166,Hip-Hop
4167,International
4168,Electronic
4169,International
4170,International
4171,Hip-Hop
4172,Experimental
4173,Electronic
4174,Experimental
4175,Electronic
4176,Rock
4177,Electronic
4178,International
4179,International
4180,Rock
4181,Instrumental
4182,Rock
4183,Electronic
4184,Electronic
4185,Folk
4186,Rock
4187,Rock
4188,International
4189,Instrumental
4190,Pop
4191,Hip-Hop
4192,Hip-Hop
4193,Pop
4194,International
4195,Experimental
4196,Electronic
4197,Experimental
4198,Hip-Hop
4199,Electronic
4200,Experimental
4201,Rock
4202,Experimental
4203,Hip-Hop
4204,Folk
4205,Experimental
4206,Electronic
4207,Pop
4208,Hip-Hop
4209,International
4210,Instrumental
4211,Folk
4212,Hip-Hop
4213,International
4214,Hip-Hop
4215,Experimental
4216,Instrumental
4217,Hip-Hop
4218,Pop
4219,Instrumental
4220,Electronic
4221,Pop
4222,Rock
4223,Pop
4224,Folk
4225,International
4226,International
4227,Electronic
4228,Pop
4229,Electronic
4230,Experimental
4231,Rock
4232,Pop
4233,Electronic
4234,Folk
4235,Experimental
4236,Rock
4237,Rock
4238,Experimental
4239,Hip-Hop
4240,Instrumental
4241,Experimental
4242,Electronic
4243,Hip-Hop
4244,Instrumental
4245,Rock
4246,Rock
4247,Folk
4248,Electronic
4249,Pop
4250,Experimental
4251,Folk
4252,Instrumental
4253,Pop
4254,Electronic
4255,Instrumental
4256,Experimental
4257,Pop
4258,Pop
4259,Hip-Hop
4260,Rock
4261,Electronic
4262,Experimental
4263,Folk
4264,Pop
4265,Pop
4266,Electronic
4267,Electronic
4268,Folk
4269,International
4270,Experimental
4271,Pop
4272,Folk
4273,Hip-Hop
4274,Rock
4275,Instrumental
4276,Folk
4277,Instrumental
4278,Electronic
4279,Experimental
4280,Hip-Hop
4281,International
4282,Pop
4283,Electronic
4284,Hip-Hop
4285,Rock
4286,Folk
4287,Folk
4288,International
4289,Folk
4290,Instrumental
4291,Experimental
4292,Instrumental
4293,Instrumental
4294,Instrumental
4295,Pop
4296,Experimental
4297,Experimental
4298,Instrumental
4299,Instrumental
4300,International
4301,International
4302,Experimental
4303,Rock
4304,Electronic
4305,Hip-Hop
4306,International
4307,Rock
4308,Hip-Hop
4309,Electronic
4310,Experimental
4311,International
4312,Folk
4313,Rock
4314,Hip-Hop
4315,International
4316,Instrumental
4317,Electronic
4318,Folk
4319,Instrumental
4320,Hip-Hop
4321,Folk
4322,Folk
4323,Experimental
4324,Hip-Hop
4325,International
4326,Rock
4327,Rock
4328,International
4329,Electronic
4330,Experimental
4331,Experimental
4332,Electronic
4333,Pop
4334,Electronic
4335,Rock
4336,Pop
4337,Pop
4338,Folk
4339,Instrumental
4340,Experimental
4341,Rock
4342,Electronic
4343,Pop
4344,Rock
4345,International
4346,Experimental
4347,Folk
4348,Experimental
4349,Pop
4350,Folk
4351,Rock
4352,Pop
4353,Instrumental
4354,Pop
4355,Experimental
4356,Pop
4357,Pop
4358,Electronic
4359,Experimental
4360,Pop
4361,Instrumental
4362,International
4363,Electronic
4364,Electronic
4365,Electronic
4366,International
4367,Folk
4368,Experimental
4369,Folk
4370,Pop
4371,Electronic
4372,Pop
4373,Experimental
4374,International
4375,International
4376,Electronic
4377,Instrumental
4378,Hip-Hop
4379,International
4380,Rock
4381,Experimental
4382,Hip-Hop
4383,Experimental
4384,International
4385,Electronic
4386,Electronic
4387,Electronic
4388,Pop
4389,Pop
4390,Rock
4391,Pop
4392,International
4393,Hip-Hop
4394,International
4395,Rock
4396,Pop
4397,Hip-Hop
4398,Rock
4399,Instrumental
4400,Hip-Hop
4401,Rock
4402,Hip-Hop
4403,Instrumental
4404,Pop
4405,International
4406,Experimental
4407,Experimental
4408,Experimental
4409,Rock
4410,Rock
4411,Rock
4412,Folk
4413,Rock
4414,Instrumental
4415,International
4416,Pop
4417,Electronic
4418,Hip-Hop
4419,Experimental
4420,Electronic
4421,Experimental
4422,Pop
4423,Instrumental
4424,Folk
4425,Folk
4426,Hip-Hop
4427,Pop
4428,Hip-Hop
4429,Hip-Hop
4430,Rock
4431,Instrumental
4432,Folk
4433,Pop
4434,Hip-Hop
4435,Hip-Hop
4436,Rock
4437,Pop
4438,Instrumental
4439,Folk
4440,International
4441,Folk
4442,Electronic
4443,Instrumental
4444,Instrumental
4445,Electronic
4446,Hip-Hop
4447,Instrumental
4448,Electronic
4449,Pop
4450,Rock
4451,Electronic
4452,Experimental
4453,International
4454,Rock
4455,Experimental
4456,Hip-Hop
4457,International
4458,Pop
4459,Folk
4460,Pop
4461,Rock
4462,Instrumental
4463,International
4464,Electronic
4465,Electronic
4466,Instrumental
4467,Instrumental
4468,Electronic
4469,International
4470,Hip-Hop
4471,Instrumental
4472,Electronic
4473,International
4474,Instrumental
4475,Rock
4476,Pop
4477,Pop
4478,Electronic
4479,Electronic
4480,Hip-Hop
4481,Folk
4482,Folk
4483,Electronic
4484,Instrumental
4485,International
4486,Folk
4487,Hip-Hop
4488,International
4489,Pop
4490,Rock
4491,International
4492,Rock
4493,Pop
4494,Pop
4495,Experimental
4496,Rock
4497,Rock
4498,Instrumental
4499,International
4500,Experimental
4501,Folk
4502,Hip-Hop
4503,Instrumental
4504,Hip-Hop
4505,Rock
4506,International
4507,Rock
4508,Experimental
4509,Pop
4510,Pop
4511,Hip-Hop
4512,Hip-Hop
4513,Experimental
4514,Hip-Hop
4515,International
4516,International
4517,Experimental
4518,International
4519,Electronic
4520,Electronic
4521,Rock
4522,Instrumental
4523,Electronic
4524,Electronic
4525,Experimental
4526,Folk
4527,Folk
4528,Folk
4529,Pop
4530,Experimental
4531,Folk
4532,Electronic
4533,Instrumental
4534,Pop
4535,Instrumental
4536,Pop
4537,Experimental
4538,Instrumental
4539,International
4540,Pop
4541,Hip-Hop
4542,International
4543,Instrumental
4544,Experimental
4545,Instrumental
4546,Rock
4547,Hip-Hop
4548,Experimental
4549,International
4550,Rock
4551,Instrumental
4552,Pop
4553,International
4554,International
4555,Experimental
4556,Experimental
4557,International
4558,Rock
4559,Rock
4560,Electronic
4561,Rock
4562,Hip-Hop
4563,Folk
4564,Pop
4565,Electronic
4566,Electronic
4567,Experimental
4568,Pop
4569,International
4570,Hip-Hop
4571,Rock
4572,Pop
4573,Electronic
4574,Experimental
4575,Electronic
4576,Folk
4577,Experimental
4578,Electronic
4579,Pop
4580,Rock
4581,Pop
4582,Instrumental
4583,Instrumental
4584,Folk
4585,Electronic
4586,Experimental
4587,Folk
4588,Instrumental
4589,Instrumental
4590,Pop
4591,International
4592,Hip-Hop
4593,Pop
4594,Folk
4595,Rock
4596,International
4597,Hip-Hop
4598,Folk
4599,Experimental
4600,Hip-Hop
4601,Electronic
4602,Experimental
4603,Hip-Hop
4604,Electronic
4605,Experimental
4606,International
4607,Pop
4608,Folk
4609,Folk
4610,Pop
4611,Pop
4612,Rock
4613,Folk
4614,Rock
4615,Folk
4616,International
4617,Electronic
4618,International
4619,Pop
4620,International
4621,Experimental
4622,Instrumental
4623,Experimental
4624,Electronic
4625,Pop
4626,Instrumental
4627,Pop
4628,Hip-Hop
4629,Hip-Hop
4630,Folk
4631,Instrumental
4632,Instrumental
4633,Instrumental
4634,Folk
4635,Instrumental
4636,Hip-Hop
4637,Folk
4638,Pop
4639,Experimental
4640,Instrumental
4641,Folk
4642,Folk
4643,Hip-Hop
4644,International
4645,Electronic
4646,Rock
4647,International
4648,Hip-Hop
4649,Pop
4650,Experimental
4651,International
4652,Folk
4653,Hip-Hop
4654,Folk
4655,Pop
4656,Rock
4657,Electronic
4658,Folk
4659,Experimental
4660,Instrumental
4661,Experimental
4662,Experimental
4663,International
4664,Hip-Hop
4665,Instrumental
4666,Pop
4667,Experimental
4668,Electronic
4669,Electronic
4670,Instrumental
4671,Experimental
4672,Pop
4673,Instrumental
4674,Instrumental
4675,Electronic
4676,Folk
4677,Folk
4678,Rock
4679,International
4680,Electronic
4681,Hip-Hop
4682,Hip-Hop
4683,Rock
4684,Folk
4685,Instrumental
4686,International
4687,Electronic
4688,Folk
4689,Rock
4690,Electronic
4691,Electronic
4692,Folk
4693,Hip-Hop
4694,Hip-Hop
4695,Rock
4696,Instrumental
4697,International
4698,Experimental
4699,Rock
4700,Rock
4701,Electronic
4702,International
4703,Rock
4704,Pop
4705,Instrumental
4706,Instrumental
4707,Folk
4708,Experimental
4709,Rock
4710,Folk
4711,Rock
4712,Folk
4713,Instrumental
4714,International
4715,International
4716,Folk
4717,International
4718,Experimental
4719,Rock
4720,Pop
4721,Hip-Hop
4722,Pop
4723,Instrumental
4724,Experimental
4725,Pop
4726,Electronic
4727,Pop
4728,Experimental
4729,Hip-Hop
4730,Hip-Hop
4731,Pop
4732,Folk
4733,Rock
4734,Hip-Hop
4735,Folk
4736,International
4737,Folk
4738,Experimental
4739,Experimental
4740,Folk
4741,Experimental
4742,Electronic
4743,Pop
4744,Folk
4745,Electronic
4746,Pop
4747,Hip-Hop
4748,Instrumental
4749,Rock
4750,Rock
4751,Pop
4752,Folk
4753,Experimental
4754,Folk
4755,Rock
4756,Experimental
4757,Pop
4758,Folk
4759,Hip-Hop
4760,Hip-Hop
4761,Electronic
4762,Rock
4763,Instrumental
4764,Instrumental
4765,Instrumental
4766,Folk
4767,International
4768,Rock
4769,Rock
4770,International
4771,Electronic
4772,Pop
4773,Rock
4774,Instrumental
4775,Experimental
4776,Rock
4777,Hip-Hop
4778,Pop
4779,Rock
4780,Instrumental
4781,Rock
4782,Experimental
4783,Electronic
4784,International
4785,Experimental
4786,Hip-Hop
4787,Folk
4788,International
4789,Experimental
4790,Folk
4791,Experimental
4792,Instrumental
4793,Pop
4794,Experimental
4795,Instrumental
4796,Hip-Hop
4797,Folk
4798,Hip-Hop
4799,Hip-Hop
4800,Experimental
4801,Rock
4802,Instrumental
4803,Pop
4804,Experimental
4805,Experimental
4806,Folk
4807,Rock
4808,Pop
4809,Hip-Hop
4810,International
4811,Instrumental
4812,Instrumental
4813,Rock
4814,Folk
4815,Pop
4816,International
4817,Folk
4818,Electronic
4819,Instrumental
4820,Pop
4821,Electronic
4822,Instrumental
4823,Electronic
4824,Electronic
4825,Rock
4826,Hip-Hop
4827,Rock
4828,Folk
4829,International
4830,Instrumental
4831,International
4832,Pop
4833,Electronic
4834,Instrumental
4835,Hip-Hop
4836,Experimental
4837,Rock
4838,Pop
4839,Electronic
4840,Pop
4841,Rock
4842,Hip-Hop
4843,Experimental
4844,Electronic
4845,Pop
4846,Folk
4847,International
4848,Instrumental
4849,Folk
4850,Pop
4851,Experimental
4852,Instrumental
4853,Folk
4854,Electronic
4855,Electronic
4856,Rock
4857,Pop
4858,Experimental
4859,Experimental
4860,International
4861,Folk
4862,Electronic
4863,International
4864,International
4865,Hip-Hop
4866,Pop
4867,Hip-Hop
4868,Pop
4869,International
4870,Pop
4871,Pop
4872,Electronic
4873,International
4874,Instrumental
4875,Hip-Hop
4876,Pop
4877,Pop
4878,Rock
4879,Pop
4880,Folk
4881,Electronic
4882,Hip-Hop
4883,Electronic
4884,Folk
4885,Pop
4886,Hip-Hop
4887,Pop
4888,Instrumental
4889,Pop
4890,Hip-Hop
4891,Instrumental
4892,Experimental
4893,Instrumental
4894,Hip-Hop
4895,Hip-Hop
4896,Instrumental
4897,International
4898,Pop
4899,Folk
4900,Pop
4901,Hip-Hop
4902,Pop
4903,International
4904,International
4905,International
4906,Hip-Hop
4907,International
4908,Hip-Hop
4909,Experimental
4910,Pop
4911,Electronic
4912,Electronic
4913,Folk
4914,Hip-Hop
4915,Folk
4916,Instrumental
4917,Electronic
4918,Folk
4919,Rock
4920,Hip-Hop
4921,International
4922,Instrumental
4923,Pop
4924,Rock
4925,Folk
4926,Folk
4927,Pop
4928,Folk
4929,Instrumental
4930,Hip-Hop
4931,Electronic
4932,Pop
4933,Hip-Hop
4934,International
4935,International
4936,Pop
4937,International
4938,Pop
4939,Rock
4940,Electronic
4941,Electronic
4942,Instrumental
4943,International
4944,Instrumental
4945,Electronic
4946,Pop
4947,Rock
4948,Pop
4949,Folk
4950,Instrumental
4951,Folk
4952,Instrumental
4953,Electronic
4954,International
4955,Electronic
4956,Electronic
4957,Folk
4958,International
4959,Pop
4960,International
4961,Hip-Hop
4962,Instrumental
4963,Pop
4964,International
4965,International
4966,Electronic
4967,Electronic
4968,Hip-Hop
4969,Folk
4970,Pop
4971,Instrumental
4972,Rock
4973,Electronic
4974,Experimental
4975,Hip-Hop
4976,Rock
4977,Experimental
4978,Pop
4979,Hip-Hop
4980,Electronic
4981,Hip-Hop
4982,International
4983,Instrumental
4984,International
4985,Electronic
4986,Electronic
4987,International
4988,Hip-Hop
4989,Folk
4990,Folk
4991,Electronic
4992,Experimental
4993,Experimental
4994,Instrumental
4995,Folk
4996,Rock
4997,Rock
4998,Electronic
4999,Experimental
5000,Rock
5001,Experimental
5002,Rock
5003,Experimental
5004,Folk
5005,Rock
5006,Experimental
5007,International
5008,Folk
5009,International
5010,Instrumental
5011,Folk
5012,International
5013,Hip-Hop
5014,Experimental
5015,Electronic
5016,Folk
5017,Folk
5018,Experimental
5019,Experimental
5020,Pop
5021,Experimental
5022,International
5023,Instrumental
5024,Instrumental
5025,Experimental
5026,Rock
5027,Experimental
5028,Experimental
5029,Electronic
5030,Experimental
5031,Rock
5032,Instrumental
5033,Pop
5034,International
5035,Hip-Hop
5036,Experimental
5037,Electronic
5038,Folk
5039,Experimental
5040,Experimental
5041,Experimental
5042,Instrumental
5043,Electronic
5044,Rock
5045,Electronic
5046,Instrumental
5047,Rock
5048,International
5049,Instrumental
5050,Electronic
5051,Instrumental
5052,Electronic
5053,Hip-Hop
5054,Pop
5055,Experimental
5056,Hip-Hop
5057,International
5058,Folk
5059,Hip-Hop
5060,Hip-Hop
5061,Electronic
5062,Experimental
5063,Pop
5064,Pop
5065,International
5066,Experimental
5067,Folk
5068,Experimental
5069,Pop
5070,Electronic
5071,Folk
5072,Folk
5073,Folk
5074,Experimental
5075,International
5076,Instrumental
5077,Folk
5078,Rock
5079,Pop
5080,Rock
5081,Instrumental
5082,Hip-Hop
5083,Hip-Hop
5084,Rock
5085,Hip-Hop
5086,Instrumental
5087,Pop
5088,Electronic
5089,Instrumental
5090,Folk
5091,Pop
5092,Experimental
5093,Hip-Hop
5094,Folk
5095,Rock
5096,Rock
5097,Experimental
5098,Experimental
5099,Rock
5100,Pop
5101,Hip-Hop
5102,Hip-Hop
5103,Folk
5104,Hip-Hop
5105,Hip-Hop
5106,Pop
5107,Electronic
5108,Rock
5109,Experimental
5110,Pop
5111,International
5112,Folk
5113,Instrumental
5114,Pop
5115,Instrumental
5116,Instrumental
5117,Rock
5118,International
5119,Experimental
5120,International
5121,Experimental
5122,International
5123,Experimental
5124,Pop
5125,Folk
5126,Pop
5127,Instrumental
5128,Experimental
5129,Folk
5130,Folk
5131,Pop
5132,Experimental
5133,Electronic
5134,Rock
5135,Folk
5136,Experimental
5137,Pop
5138,Experimental
5139,Rock
5140,Pop
5141,Folk
5142,International
5143,Experimental
5144,International
5145,Pop
5146,Instrumental
5147,Electronic
5148,Hip-Hop
5149,International
5150,International
5151,Pop
5152,Folk
5153,Instrumental
5154,Rock
5155,Rock
5156,Folk
5157,Pop
5158,Rock
5159,Folk
5160,Instrumental
5161,Pop
5162,Instrumental
5163,Hip-Hop
5164,Electronic
5165,Hip-Hop
5166,Rock
5167,Rock
5168,Folk
5169,Folk
5170,International
5171,Folk
5172,International
5173,Instrumental
5174,Pop
5175,Pop
5176,Folk
5177,Rock
5178,Experimental
5179,Folk
5180,Pop
5181,Pop
5182,Pop
5183,Experimental
5184,International
5185,International
5186,Rock
5187,Experimental
5188,Hip-Hop
5189,Folk
5190,Electronic
5191,Instrumental
5192,Experimental
5193,Hip-Hop
5194,Hip-Hop
5195,Electronic
5196,Experimental
5197,Folk
5198,Hip-Hop
5199,International
5200,Rock
5201,Experimental
5202,Folk
5203,Experimental
5204,Electronic
5205,Hip-Hop
5206,Instrumental
5207,Electronic
5208,Electronic
5209,Electronic
5210,Electronic
5211,International
5212,Electronic
5213,Folk
5214,Hip-Hop
5215,Hip-Hop
5216,Instrumental
5217,Instrumental
5218,Rock
5219,Folk
5220,Pop
5221,Folk
5222,Electronic
5223,Instrumental
5224,Experimental
5225,Instrumental
5226,Instrumental
5227,Electronic
5228,Hip-Hop
5229,International
5230,Pop
5231,Electronic
5232,Instrumental
5233,Rock
5234,Pop
5235,Instrumental
5236,Hip-Hop
5237,International
5238,Pop
5239,Electronic
5240,Folk
5241,Instrumental
5242,Hip-Hop
5243,Hip-Hop
5244,Electronic
5245,Folk
5246,International
5247,Pop
5248,Experimental
5249,Experimental
5250,Rock
5251,Rock
5252,Experimental
5253,Instrumental
5254,Rock
5255,Pop
5256,International
5257,Electronic
5258,Pop
5259,Pop
5260,Folk
5261,Electronic
5262,Electronic
5263,Rock
5264,Pop
5265,Pop
5266,Electronic
5267,Electronic
5268,Pop
5269,Rock
5270,Electronic
5271,Hip-Hop
5272,Folk
5273,Folk
5274,Hip-Hop
5275,Folk
5276,Electronic
5277,Electronic
5278,Instrumental
5279,Folk
5280,Pop
5281,International
5282,Hip-Hop
5283,Rock
5284,Rock
5285,Pop
5286,Pop
5287,Hip-Hop
5288,Electronic
5289,Folk
5290,Rock
5291,International
5292,Rock
5293,Experimental
5294,Hip-Hop
5295,Experimental
5296,Pop
5297,Rock
5298,Hip-Hop
5299,Folk
5300,Hip-Hop
5301,Experimental
5302,Folk
5303,Folk
5304,Instrumental
5305,International
5306,Rock
5307,Pop
5308,Instrumental
5309,Experimental
5310,Electronic
5311,Experimental
5312,Electronic
5313,International
5314,Folk
5315,Experimental
5316,Experimental
5317,Rock
5318,Experimental
5319,Hip-Hop
5320,Pop
5321,Instrumental
5322,International
5323,Experimental
5324,Electronic
5325,Experimental
5326,Hip-Hop
5327,Folk
5328,Hip-Hop
5329,Folk
5330,Folk
5331,Electronic
5332,Electronic
5333,Pop
5334,Electronic
5335,Rock
5336,Pop
5337,Hip-Hop
5338,Instrumental
5339,Pop
5340,Electronic
5341,Experimental
5342,Hip-Hop
5343,Folk
5344,Experimental
5345,Rock
5346,Folk
5347,Experimental
5348,International
5349,Experimental
5350,Pop
5351,Experimental
5352,Electronic
5353,Electronic
5354,Rock
5355,Folk
5356,Folk
5357,Hip-Hop
5358,International
5359,Experimental
5360,Pop
5361,International
5362,Hip-Hop
5363,Rock
5364,Rock
5365,Rock
5366,Pop
5367,Rock
5368,Instrumental
5369,International
5370,Folk
5371,Hip-Hop
5372,Hip-Hop
5373,Electronic
5374,Hip-Hop
5375,Hip-Hop
5376,Electronic
5377,Pop
5378,Electronic
5379,Experimental
5380,International
5381,Instrumental
5382,Folk
5383,Instrumental
5384,Rock
5385,Instrumental
5386,International
5387,Folk
5388,Pop
5389,Hip-Hop
5390,Hip-Hop
5391,Instrumental
5392,Pop
5393,Folk
5394,International
5395,Folk
5396,Folk
5397,Electronic
5398,International
5399,Experimental
5400,Pop
5401,International
5402,Pop
5403,International
5404,Pop
5405,Experimental
5406,Hip-Hop
5407,Folk
5408,Rock
5409,International
5410,Experimental
5411,Folk
5412,Rock
5413,Experimental
5414,Rock
5415,Rock
5416,Experimental
5417,Rock
5418,Hip-Hop
5419,Hip-Hop
5420,Hip-Hop
5421,Instrumental
5422,Experimental
5423,Folk
5424,Folk
5425,Folk
5426,Rock
5427,Pop
5428,Pop
5429,Electronic
5430,Experimental
5431,Instrumental
5432,Hip-Hop
5433,Experimental
5434,Instrumental
5435,Pop
5436,Folk
5437,International
5438,Instrumental
5439,Electronic
5440,Hip-Hop
5441,Hip-Hop
5442,Folk
5443,Electronic
5444,Instrumental
5445,Pop
5446,Instrumental
5447,Experimental
5448,Rock
5449,Experimental
5450,International
5451,Hip-Hop
5452,Instrumental
5453,Rock
5454,Instrumental
5455,International
5456,Folk
5457,Rock
5458,Pop
5459,Pop
5460,Experimental
5461,Hip-Hop
5462,Folk
5463,Rock
5464,Experimental
5465,Electronic
5466,International
5467,International
5468,Pop
5469,Pop
5470,Folk
5471,Pop
5472,Experimental
5473,Hip-Hop
5474,Rock
5475,International
5476,International
5477,International
5478,Pop
5479,Pop
5480,Pop
5481,Electronic
5482,Instrumental
5483,Folk
5484,Rock
5485,Instrumental
5486,Instrumental
5487,Hip-Hop
5488,Experimental
5489,Folk
5490,Instrumental
5491,Electronic
5492,Hip-Hop
5493,Electronic
5494,Pop
5495,Folk
5496,Instrumental
5497,Instrumental
5498,Electronic
5499,Rock
5500,Rock
5501,Hip-Hop
5502,Hip-Hop
5503,International
5504,Rock
5505,Folk
5506,Rock
5507,Rock
5508,Pop
5509,Hip-Hop
5510,Instrumental
5511,Pop
5512,Folk
5513,Pop
5514,International
5515,Folk
5516,International
5517,Instrumental
5518,International
5519,Pop
5520,Folk
5521,Rock
5522,Folk
5523,Hip-Hop
5524,Rock
5525,Hip-Hop
5526,Hip-Hop
5527,Electronic
5528,International
5529,Experimental
5530,Instrumental
5531,Instrumental
5532,Folk
5533,Folk
5534,Hip-Hop
5535,Hip-Hop
5536,Rock
5537,Hip-Hop
5538,Instrumental
5539,Hip-Hop
5540,Electronic
5541,International
5542,International
5543,Instrumental
5544,Experimental
5545,Rock
5546,International
5547,Electronic
5548,Folk
5549,Folk
5550,Electronic
5551,International
5552,Rock
5553,Electronic
5554,International
5555,Hip-Hop
5556,Folk
5557,Electronic
5558,Experimental
5559,Rock
5560,Folk
5561,International
5562,Instrumental
5563,Electronic
5564,Pop
5565,International
5566,Pop
5567,Experimental
5568,Experimental
5569,Hip-Hop
5570,Pop
5571,Electronic
5572,International
5573,Electronic
5574,International
5575,Instrumental
5576,Pop
5577,Electronic
5578,Hip-Hop
5579,Folk
5580,Instrumental
5581,Folk
5582,Instrumental
5583,Hip-Hop
5584,International
5585,Folk
5586,Rock
5587,Experimental
5588,Folk
5589,Pop
5590,Folk
5591,Electronic
5592,Electronic
5593,Folk
5594,International
5595,Electronic
5596,Pop
5597,Electronic
5598,Pop
5599,Experimental
5600,Experimental
5601,Pop
5602,Hip-Hop
5603,Hip-Hop
5604,Instrumental
5605,Electronic
5606,Rock
5607,Experimental
5608,International
5609,Hip-Hop
5610,International
5611,Electronic
5612,Hip-Hop
5613,Folk
5614,Rock
5615,Electronic
5616,Experimental
5617,Hip-Hop
5618,International
5619,Electronic
5620,Folk
5621,Rock
5622,International
5623,Rock
5624,Electronic
5625,Pop
5626,Rock
5627,Pop
5628,International
5629,Rock
5630,Folk
5631,Hip-Hop
5632,Folk
5633,Experimental
5634,Rock
5635,International
5636,Folk
5637,Rock
5638,Instrumental
5639,Experimental
5640,Instrumental
5641,Electronic
5642,Instrumental
5643,Instrumental
5644,Hip-Hop
5645,Instrumental
5646,Pop
5647,Pop
5648,Pop
5649,Rock
5650,Electronic
5651,Folk
5652,Rock
5653,Experimental
5654,Electronic
5655,Electronic
5656,Pop
5657,Experimental
5658,Instrumental
5659,International
5660,Folk
5661,Instrumental
5662,Hip-Hop
5663,International
5664,Instrumental
5665,Rock
5666,Experimental
5667,Rock
5668,Instrumental
5669,Experimental
5670,Pop
5671,Electronic
5672,Folk
5673,Folk
5674,Folk
5675,Electronic
5676,Experimental
5677,Experimental
5678,Hip-Hop
5679,International
5680,Electronic
5681,Experimental
5682,Folk
5683,Hip-Hop
5684,Rock
5685,International
5686,Electronic
5687,Experimental
5688,Folk
5689,Instrumental
5690,International
5691,Instrumental
5692,Folk
5693,International
5694,International
5695,Electronic
5696,Experimental
5697,Electronic
5698,International
5699,International
5700,Rock
5701,Folk
5702,International
5703,International
5704,Folk
5705,Experimental
5706,Electronic
5707,International
5708,Pop
5709,Experimental
5710,Experimental
5711,Hip-Hop
5712,International
5713,Instrumental
5714,Electronic
5715,Instrumental
5716,Electronic
5717,Instrumental
5718,International
5719,Experimental
5720,Instrumental
5721,Folk
5722,Hip-Hop
5723,Electronic
5724,Instrumental
5725,Pop
5726,Hip-Hop
5727,Folk
5728,Instrumental
5729,Pop
5730,Hip-Hop
5731,Instrumental
5732,Instrumental
5733,Hip-Hop
5734,Rock
5735,Hip-Hop
5736,Electronic
5737,Folk
5738,Rock
5739,Rock
5740,Electronic
5741,Folk
5742,Experimental
5743,Folk
5744,Instrumental
5745,Experimental
5746,Hip-Hop
5747,Instrumental
5748,Instrumental
5749,Hip-Hop
5750,Electronic
5751,Hip-Hop
5752,Electronic
5753,Electronic
5754,Folk
5755,Instrumental
5756,International
5757,Electronic
5758,Rock
5759,Rock
5760,International
5761,Folk
5762,Experimental
5763,International
5764,Electronic
5765,Folk
5766,International
5767,Pop
5768,Electronic
5769,Instrumental
5770,Rock
5771,Rock
5772,Experimental
5773,International
5774,Instrumental
5775,Pop
5776,Instrumental
5777,Experimental
5778,Experimental
5779,Rock
5780,International
5781,Pop
5782,Electronic
5783,Instrumental
5784,Hip-Hop
5785,Rock
5786,International
5787,Instrumental
5788,Hip-Hop
5789,Instrumental
5790,International
5791,Rock
5792,International
5793,Hip-Hop
5794,Folk
5795,Hip-Hop
5796,Rock
5797,Electronic
5798,Folk
5799,Rock
5800,Pop
5801,Hip-Hop
5802,Instrumental
5803,Folk
5804,Pop
5805,Experimental
5806,Folk
5807,International
5808,International
5809,Hip-Hop
5810,International
5811,International
5812,Pop
5813,Folk
5814,Instrumental
5815,International
5816,International
5817,Hip-Hop
5818,Instrumental
5819,International
5820,Folk
5821,International
5822,Electronic
5823,International
5824,Pop
5825,Pop
5826,Instrumental
5827,Instrumental
5828,Hip-Hop
5829,Folk
5830,Experimental
5831,Pop
5832,Pop
5833,Experimental
5834,International
5835,Instrumental
5836,Instrumental
5837,Experimental
5838,Hip-Hop
5839,Instrumental
5840,Hip-Hop
5841,Instrumental
5842,Hip-Hop
5843,Experimental
5844,International
5845,Instrumental
5846,Hip-Hop
5847,Instrumental
5848,Rock
5849,Pop
5850,Experimental
5851,Instrumental
5852,Electronic
5853,Folk
5854,Electronic
5855,Pop
5856,Rock
5857,Pop
5858,Rock
5859,International
5860,Experimental
5861,Experimental
5862,Rock
5863,Folk
5864,International
5865,Instrumental
5866,International
5867,Experimental
5868,Folk
5869,Experimental
5870,Rock
5871,Instrumental
5872,Rock
5873,Folk
5874,Instrumental
5875,Rock
5876,Instrumental
5877,Rock
5878,Hip-Hop
5879,Experimental
5880,Instrumental
5881,Folk
5882,International
5883,Instrumental
5884,Pop
5885,International
5886,Pop
5887,Folk
5888,Folk
5889,Instrumental
5890,International
5891,Rock
5892,Rock
5893,International
5894,International
5895,Folk
5896,International
5897,Rock
5898,International
5899,Folk
5900,Folk
5901,Experimental
5902,Pop
5903,Hip-Hop
5904,Rock
5905,Instrumental
5906,Pop
5907,Rock
5908,Hip-Hop
5909,Pop
5910,Instrumental
5911,Experimental
5912,Hip-Hop
5913,Pop
5914,International
5915,Rock
5916,Hip-Hop
5917,International
5918,Instrumental
5919,International
5920,Hip-Hop
5921,Instrumental
5922,Electronic
5923,Pop
5924,Instrumental
5925,International
5926,Rock
5927,Hip-Hop
5928,Rock
5929,Rock
5930,Experimental
5931,International
5932,Pop
5933,Folk
5934,Rock
5935,Instrumental
5936,Electronic
5937,Pop
5938,Rock
5939,Experimental
5940,Electronic
5941,Rock
5942,Experimental
5943,Instrumental
5944,Pop
5945,Hip-Hop
5946,Electronic
5947,Folk
5948,Rock
5949,Folk
5950,International
5951,International
5952,Experimental
5953,Hip-Hop
5954,Rock
5955,Folk
5956,Folk
5957,Folk
5958,International
5959,Rock
5960,Experimental
5961,Hip-Hop
5962,Electronic
5963,Hip-Hop
5964,Instrumental
5965,Electronic
5966,Experimental
5967,Hip-Hop
5968,Experimental
5969,Instrumental
5970,Hip-Hop
5971,Instrumental
5972,Rock
5973,Electronic
5974,Rock
5975,Instrumental
5976,Folk
5977,International
5978,Rock
5979,Rock
5980,Folk
5981,International
5982,Pop
5983,Hip-Hop
5984,Hip-Hop
5985,Electronic
5986,Instrumental
5987,Hip-Hop
5988,Instrumental
5989,Pop
5990,Rock
5991,Experimental
5992,Experimental
5993,Electronic
5994,Rock
5995,Hip-Hop
5996,Rock
5997,Pop
5998,Instrumental
5999,Instrumental
